name,latitude,longitude,bio01,bio02,bio03,bio04,bio05,bio06,bio07,bio08,bio09,bio10,bio11,bio12,bio13,bio14,bio15,bio16,bio17,bio18,bio19,us_l3name,grtgroup,soil pH in H20,soil organic carbon,soil sand,soil clay,soil bulk density,elevation,slope,aspect,gHM,NDVI,EVI,NBRT,greenness,landcover,impervious,percent_tree_cover,B1,B2,B3,B4,B5,B6,B7,B8,B8A,B9,B10,B11,B12
AS_DB1,34.203653,-118.166365,17.2,14.4,51.0,46.21,32.3,4.6,27.7,12.3,23.0,23.6,11.8,530.0,110.0,1.0,92.0,311.0,7.0,17.0,289.0,Southern California/Northern Baja Coast,289.0,7.2,0.6,45.0,24.0,14.8,349.764404296875,12.627720490898621,130.22267050969737,0.7354370951652527,0.34055259823799133,0.33598059829502536,0.9714470414321196,0.48034045100212097,52.0,3.0,12.0,0.13830000162124634,0.11029999703168869,0.09605000168085098,0.09775000065565109,0.12720000743865967,0.18940000236034393,0.2168000042438507,0.21819999814033508,0.2467000037431717,0.09754999727010727,0.001550000044517219,0.20440000295639038,0.13535000383853912
AS_DB2,34.204167,-118.166287,17.2,14.4,51.0,46.21,32.3,4.6,27.7,12.3,23.0,23.6,11.8,530.0,110.0,1.0,92.0,311.0,7.0,17.0,289.0,Southern California/Northern Baja Coast,289.0,7.2,0.6,45.0,24.0,14.7,363.1646423339844,12.627720490898621,114.68057563727523,0.7354370951652527,0.3659297525882721,0.37587716010690386,0.9720249516438437,0.48034045100212097,52.0,3.0,12.0,0.13680000603199005,0.10854999721050262,0.0929500013589859,0.0904499962925911,0.11715000122785568,0.18170000612735748,0.21250000596046448,0.2171500027179718,0.241799995303154,0.08789999783039093,0.001550000044517219,0.19005000591278076,0.11840000003576279
AS_PN1,34.204379,-118.166368,17.2,14.4,51.0,46.21,32.3,4.6,27.7,12.3,23.0,23.6,11.8,530.0,110.0,1.0,92.0,311.0,7.0,17.0,289.0,Southern California/Northern Baja Coast,289.0,7.2,0.6,45.0,24.0,14.7,363.1646423339844,14.163591440248101,114.68057563727523,0.7354370951652527,0.3986579477787018,0.37587716010690386,0.9720249516438437,0.5583656430244446,52.0,1.0,12.0,0.13680000603199005,0.10854999721050262,0.0929500013589859,0.0904499962925911,0.11715000122785568,0.18170000612735748,0.21250000596046448,0.2171500027179718,0.241799995303154,0.08789999783039093,0.001550000044517219,0.19005000591278076,0.11840000003576279
AS_PN2,34.203614,-118.166314,17.2,14.4,51.0,46.21,32.3,4.6,27.7,12.3,23.0,23.6,11.8,530.0,110.0,1.0,92.0,311.0,7.0,17.0,289.0,Southern California/Northern Baja Coast,289.0,7.2,0.6,45.0,24.0,14.8,349.764404296875,12.627720490898621,130.22267050969737,0.7354370951652527,0.34055259823799133,0.33598059829502536,0.9714470414321196,0.48034045100212097,52.0,3.0,12.0,0.13830000162124634,0.11029999703168869,0.09605000168085098,0.09775000065565109,0.12720000743865967,0.18940000236034393,0.2168000042438507,0.21819999814033508,0.2467000037431717,0.09754999727010727,0.001550000044517219,0.20440000295639038,0.13535000383853912
K0585_T9,34.203154,-118.166402,17.2,14.4,51.0,46.21,32.3,4.6,27.7,12.3,23.0,23.6,11.8,530.0,110.0,1.0,92.0,311.0,7.0,17.0,289.0,Southern California/Northern Baja Coast,289.0,7.2,0.6,46.0,22.0,14.8,343.4212646484375,10.360472176152326,214.53592173789255,0.7354370951652527,0.34055259823799133,0.33598059829502536,0.9712613553963315,0.4496992826461792,52.0,3.0,9.0,0.155799999833107,0.11874999850988388,0.10499999672174454,0.10760000348091125,0.13095000386238098,0.18970000743865967,0.2168000042438507,0.21819999814033508,0.2467000037431717,0.09769999980926514,0.001550000044517219,0.21459999680519104,0.13555000722408295
K0593_C3,34.203274,-118.166417,17.2,14.4,51.0,46.21,32.3,4.6,27.7,12.3,23.0,23.6,11.8,530.0,110.0,1.0,92.0,311.0,7.0,17.0,289.0,Southern California/Northern Baja Coast,289.0,7.2,0.6,45.0,24.0,14.8,343.4212646484375,10.360472176152326,145.87080294544157,0.7354370951652527,0.34055259823799133,0.33598059829502536,0.9712613553963315,0.4496992826461792,52.0,3.0,9.0,0.155799999833107,0.11874999850988388,0.10499999672174454,0.10760000348091125,0.13095000386238098,0.18970000743865967,0.2168000042438507,0.21819999814033508,0.2467000037431717,0.09769999980926514,0.001550000044517219,0.21459999680519104,0.13555000722408295
K0594_E4,34.202987,-118.166335,17.2,14.4,51.0,46.21,32.3,4.6,27.7,12.3,23.0,23.6,11.8,530.0,110.0,1.0,92.0,311.0,7.0,17.0,289.0,Southern California/Northern Baja Coast,289.0,7.2,0.6,46.0,22.0,14.8,343.4212646484375,10.360472176152326,214.53592173789255,0.7354370951652527,0.34055259823799133,0.33598059829502536,0.9712613553963315,0.4496992826461792,52.0,3.0,9.0,0.155799999833107,0.11874999850988388,0.10499999672174454,0.10760000348091125,0.13095000386238098,0.18970000743865967,0.2168000042438507,0.21819999814033508,0.2467000037431717,0.09754999727010727,0.001550000044517219,0.21459999680519104,0.13555000722408295
K0595_B2,34.203593,-118.166448,17.2,14.4,51.0,46.21,32.3,4.6,27.7,12.3,23.0,23.6,11.8,530.0,110.0,1.0,92.0,311.0,7.0,17.0,289.0,Southern California/Northern Baja Coast,289.0,7.2,0.6,45.0,24.0,14.8,349.764404296875,12.627720490898621,130.22267050969737,0.7354370951652527,0.34055259823799133,0.33598059829502536,0.9714470414321196,0.48034045100212097,52.0,3.0,12.0,0.13830000162124634,0.11029999703168869,0.09605000168085098,0.09775000065565109,0.12720000743865967,0.18970000743865967,0.2168000042438507,0.21819999814033508,0.2467000037431717,0.09769999980926514,0.001550000044517219,0.21459999680519104,0.13535000383853912
K0595_L7,34.203567,-118.166415,17.2,14.4,51.0,46.21,32.3,4.6,27.7,12.3,23.0,23.6,11.8,530.0,110.0,1.0,92.0,311.0,7.0,17.0,289.0,Southern California/Northern Baja Coast,289.0,7.2,0.6,45.0,24.0,14.8,349.764404296875,12.627720490898621,130.22267050969737,0.7354370951652527,0.34055259823799133,0.33598059829502536,0.9714470414321196,0.48034045100212097,52.0,3.0,12.0,0.13830000162124634,0.11029999703168869,0.09605000168085098,0.09775000065565109,0.12720000743865967,0.18970000743865967,0.2168000042438507,0.21819999814033508,0.2467000037431717,0.09769999980926514,0.001550000044517219,0.21459999680519104,0.13535000383853912
K0595_T9,34.204139,-118.166314,17.2,14.4,51.0,46.21,32.3,4.6,27.7,12.3,23.0,23.6,11.8,530.0,110.0,1.0,92.0,311.0,7.0,17.0,289.0,Southern California/Northern Baja Coast,289.0,7.2,0.6,45.0,24.0,14.7,363.1646423339844,12.627720490898621,114.68057563727523,0.7354370951652527,0.3659297525882721,0.37587716010690386,0.9720249516438437,0.48034045100212097,52.0,3.0,12.0,0.13680000603199005,0.10854999721050262,0.0929500013589859,0.0904499962925911,0.11715000122785568,0.18170000612735748,0.21250000596046448,0.2171500027179718,0.241799995303154,0.08789999783039093,0.001550000044517219,0.19005000591278076,0.11840000003576279
K0597_M8,34.20375,-118.166481,17.2,14.4,51.0,46.21,32.3,4.6,27.7,12.3,23.0,23.6,11.8,530.0,110.0,1.0,92.0,311.0,7.0,17.0,289.0,Southern California/Northern Baja Coast,289.0,7.2,0.6,45.0,24.0,14.7,363.1646423339844,12.627720490898621,130.22267050969737,0.7354370951652527,0.3545090854167938,0.37587716010690386,0.9714470414321196,0.48034045100212097,52.0,3.0,12.0,0.13830000162124634,0.11029999703168869,0.09605000168085098,0.09775000065565109,0.12720000743865967,0.18970000743865967,0.2168000042438507,0.21819999814033508,0.2467000037431717,0.09754999727010727,0.001550000044517219,0.21459999680519104,0.13535000383853912
K0599_L7,34.20331,-118.166408,17.2,14.4,51.0,46.21,32.3,4.6,27.7,12.3,23.0,23.6,11.8,530.0,110.0,1.0,92.0,311.0,7.0,17.0,289.0,Southern California/Northern Baja Coast,289.0,7.2,0.6,45.0,24.0,14.8,343.4212646484375,10.360472176152326,145.87080294544157,0.7354370951652527,0.34055259823799133,0.33598059829502536,0.9712613553963315,0.4496992826461792,52.0,3.0,9.0,0.155799999833107,0.11874999850988388,0.10499999672174454,0.10760000348091125,0.13095000386238098,0.18970000743865967,0.2168000042438507,0.21819999814033508,0.2467000037431717,0.09769999980926514,0.001550000044517219,0.21459999680519104,0.13555000722408295
BP_DB1,34.108366,-118.246506,18.3,12.1,54.0,35.65,29.9,7.6,22.3,14.4,22.5,23.2,14.0,393.0,89.0,0.0,100.0,250.0,5.0,13.0,228.0,Southern California/Northern Baja Coast,289.0,7.5,0.4,45.0,24.0,14.1,109.3302993774414,2.6979855419732646,215.55813085514887,0.936476469039917,0.14240321516990662,0.14147367832663982,0.9476349455991769,0.16325749456882477,23.0,41.0,1.0,0.1818999946117401,0.16689999401569366,0.16404999792575836,0.17970000207424164,0.1915999948978424,0.20440000295639038,0.2160000056028366,0.2076999992132187,0.2249000072479248,0.08030000329017639,0.001449999981559813,0.22104999423027039,0.1902499943971634
BP_DB2,34.107994,-118.245945,18.3,12.1,54.0,35.65,29.9,7.6,22.3,14.4,22.5,23.2,14.0,393.0,89.0,0.0,100.0,250.0,5.0,13.0,228.0,Southern California/Northern Baja Coast,289.0,7.6,0.4,46.0,24.0,14.2,109.3302993774414,2.6979855419732646,204.45738429021094,0.9460710287094116,0.1318603903055191,0.12860531124479865,0.9476349455991769,0.15078496932983398,23.0,53.0,3.0,0.17354999482631683,0.133200004696846,0.12205000221729279,0.12039999663829803,0.13455000519752502,0.16120000183582306,0.17775000631809235,0.17284999787807465,0.18805000185966492,0.08030000329017639,0.001449999981559813,0.17010000348091125,0.13635000586509705
BP_DB3,34.108309,-118.246849,18.3,12.1,54.0,35.65,29.9,7.6,22.3,14.4,22.5,23.2,14.0,393.0,89.0,0.0,100.0,250.0,5.0,13.0,228.0,Southern California/Northern Baja Coast,289.0,7.5,0.4,45.0,24.0,14.1,109.3302993774414,2.4338163213304798,215.55813085514887,0.936476469039917,0.14240321516990662,0.13541363616290747,0.9496473506830356,0.16716276109218597,23.0,41.0,1.0,0.16769999265670776,0.16259999573230743,0.15815000236034393,0.16814999282360077,0.1754000037908554,0.2040500044822693,0.21389999985694885,0.2076999992132187,0.2249000072479248,0.07479999959468842,0.00139999995008111,0.22104999423027039,0.1882999986410141
BP_PN1,34.108408,-118.247035,18.3,12.1,54.0,35.65,29.9,7.6,22.3,14.4,22.5,23.2,14.0,393.0,89.0,0.0,100.0,250.0,5.0,13.0,228.0,Southern California/Northern Baja Coast,289.0,7.5,0.4,45.0,24.0,14.1,109.3302993774414,1.97458510569237,218.00554454384786,0.936476469039917,0.14240321516990662,0.13541363616290747,0.9496473506830356,0.16716276109218597,23.0,41.0,1.0,0.16769999265670776,0.16259999573230743,0.15815000236034393,0.16814999282360077,0.1754000037908554,0.2040500044822693,0.21389999985694885,0.2076999992132187,0.2249000072479248,0.07479999959468842,0.00139999995008111,0.22104999423027039,0.1882999986410141
BP_PN2,34.107966,-118.246193,18.3,12.1,54.0,35.65,29.9,7.6,22.3,14.4,22.5,23.2,14.0,393.0,89.0,0.0,100.0,250.0,5.0,13.0,228.0,Southern California/Northern Baja Coast,289.0,7.6,0.4,46.0,24.0,14.2,109.3302993774414,2.6979855419732646,215.55813085514887,0.9460710287094116,0.14240321516990662,0.13541363616290747,0.9476349455991769,0.16325749456882477,23.0,53.0,3.0,0.17354999482631683,0.133200004696846,0.12205000221729279,0.12039999663829803,0.13455000519752502,0.16120000183582306,0.17775000631809235,0.17284999787807465,0.18805000185966492,0.08030000329017639,0.001449999981559813,0.17010000348091125,0.13635000586509705
K0526_B2,34.108161,-118.246186,18.3,12.1,54.0,35.65,29.9,7.6,22.3,14.4,22.5,23.2,14.0,393.0,89.0,0.0,100.0,250.0,5.0,13.0,228.0,Southern California/Northern Baja Coast,289.0,7.6,0.4,46.0,24.0,14.2,109.3302993774414,2.6979855419732646,215.55813085514887,0.936476469039917,0.13794046640396118,0.13541363616290747,0.9476349455991769,0.16325749456882477,23.0,41.0,2.0,0.17354999482631683,0.16259999573230743,0.15815000236034393,0.16814999282360077,0.1754000037908554,0.2040500044822693,0.21389999985694885,0.2076999992132187,0.2249000072479248,0.08030000329017639,0.001449999981559813,0.22104999423027039,0.1882999986410141
K0529_L7,34.108149,-118.246176,18.3,12.1,54.0,35.65,29.9,7.6,22.3,14.4,22.5,23.2,14.0,393.0,89.0,0.0,100.0,250.0,5.0,13.0,228.0,Southern California/Northern Baja Coast,289.0,7.6,0.4,46.0,24.0,14.2,109.3302993774414,2.6979855419732646,215.55813085514887,0.936476469039917,0.13794046640396118,0.13541363616290747,0.9476349455991769,0.16325749456882477,23.0,53.0,2.0,0.17354999482631683,0.16259999573230743,0.15815000236034393,0.16814999282360077,0.1754000037908554,0.2040500044822693,0.21389999985694885,0.2076999992132187,0.2249000072479248,0.08030000329017639,0.001449999981559813,0.22104999423027039,0.1882999986410141
K0672_C3,34.108433,-118.246959,18.3,12.1,54.0,35.65,29.9,7.6,22.3,14.4,22.5,23.2,14.0,393.0,89.0,0.0,100.0,250.0,5.0,13.0,228.0,Southern California/Northern Baja Coast,289.0,7.5,0.4,45.0,24.0,14.1,109.3302993774414,2.4338163213304798,218.00554454384786,0.936476469039917,0.14240321516990662,0.13541363616290747,0.9496473506830356,0.16716276109218597,23.0,41.0,1.0,0.16769999265670776,0.16259999573230743,0.15815000236034393,0.16814999282360077,0.1754000037908554,0.2040500044822693,0.21389999985694885,0.2076999992132187,0.2249000072479248,0.07479999959468842,0.00139999995008111,0.22104999423027039,0.1882999986410141
K0672_G5,34.108278,-118.246926,18.3,12.1,54.0,35.65,29.9,7.6,22.3,14.4,22.5,23.2,14.0,393.0,89.0,0.0,100.0,250.0,5.0,13.0,228.0,Southern California/Northern Baja Coast,289.0,7.5,0.4,45.0,24.0,14.1,109.3302993774414,1.97458510569237,215.55813085514887,0.936476469039917,0.14240321516990662,0.13541363616290747,0.9496473506830356,0.16716276109218597,23.0,41.0,1.0,0.16769999265670776,0.16259999573230743,0.15815000236034393,0.16814999282360077,0.1754000037908554,0.2040500044822693,0.21389999985694885,0.2076999992132187,0.2249000072479248,0.07479999959468842,0.00139999995008111,0.22104999423027039,0.1882999986410141
K0674_E4,34.108186,-118.246584,18.3,12.1,54.0,35.65,29.9,7.6,22.3,14.4,22.5,23.2,14.0,393.0,89.0,0.0,100.0,250.0,5.0,13.0,228.0,Southern California/Northern Baja Coast,289.0,7.5,0.4,45.0,24.0,14.1,109.3302993774414,2.6979855419732646,215.55813085514887,0.936476469039917,0.14609314501285553,0.15304579462834936,0.9476349455991769,0.16325749456882477,23.0,41.0,2.0,0.17354999482631683,0.16259999573230743,0.15815000236034393,0.16814999282360077,0.1754000037908554,0.2040500044822693,0.21389999985694885,0.2076999992132187,0.2249000072479248,0.08030000329017639,0.001449999981559813,0.22104999423027039,0.1882999986410141
K0678_E4,34.108131,-118.246003,18.3,12.1,54.0,35.65,29.9,7.6,22.3,14.4,22.5,23.2,14.0,393.0,89.0,0.0,100.0,250.0,5.0,13.0,228.0,Southern California/Northern Baja Coast,289.0,7.6,0.4,46.0,24.0,14.2,109.3302993774414,2.6979855419732646,215.55813085514887,0.9460710287094116,0.1318603903055191,0.12860531124479865,0.9476349455991769,0.15078496932983398,23.0,53.0,2.0,0.18359999358654022,0.16580000519752502,0.16404999792575836,0.17970000207424164,0.19155000150203705,0.21105000376701355,0.22585000097751617,0.22030000388622284,0.23755000531673431,0.08649999648332596,0.001449999981559813,0.2303999960422516,0.20239999890327454
K0679_B2,34.108278,-118.246341,18.3,12.1,54.0,35.65,29.9,7.6,22.3,14.4,22.5,23.2,14.0,393.0,89.0,0.0,100.0,250.0,5.0,13.0,228.0,Southern California/Northern Baja Coast,289.0,7.5,0.4,45.0,24.0,14.1,109.3302993774414,2.6979855419732646,215.55813085514887,0.936476469039917,0.14240321516990662,0.14147367832663982,0.9476349455991769,0.16325749456882477,21.0,41.0,2.0,0.1818999946117401,0.16689999401569366,0.16404999792575836,0.17970000207424164,0.1915999948978424,0.20440000295639038,0.2160000056028366,0.2076999992132187,0.2249000072479248,0.08030000329017639,0.001449999981559813,0.22104999423027039,0.1902499943971634
K0679_M8,34.108374,-118.246774,18.3,12.1,54.0,35.65,29.9,7.6,22.3,14.4,22.5,23.2,14.0,393.0,89.0,0.0,100.0,250.0,5.0,13.0,228.0,Southern California/Northern Baja Coast,289.0,7.5,0.4,45.0,24.0,14.1,109.3302993774414,2.4338163213304798,215.55813085514887,0.936476469039917,0.14240321516990662,0.14147367832663982,0.9496473506830356,0.16716276109218597,23.0,41.0,1.0,0.16769999265670776,0.16259999573230743,0.15815000236034393,0.16814999282360077,0.1754000037908554,0.2040500044822693,0.21389999985694885,0.2076999992132187,0.2249000072479248,0.07479999959468842,0.00139999995008111,0.22104999423027039,0.1882999986410141
BC_DB2,34.181924,-118.497851,17.4,12.7,54.0,38.49,29.7,6.3,23.4,13.2,22.0,22.7,12.9,408.0,87.0,0.0,93.0,239.0,5.0,11.0,227.0,Southern California/Northern Baja Coast,289.0,7.8,0.4,40.0,26.0,15.1,216.8607177734375,0.47536262034561055,220.54424149588738,0.7681493163108826,0.3168308734893799,0.3218912827255833,0.9601384245484803,0.5226544737815857,71.0,0.0,6.0,0.13680000603199005,0.10750000178813934,0.09070000052452087,0.08269999921321869,0.10644999891519547,0.16859999299049377,0.1964000016450882,0.20155000686645508,0.2204499989748001,0.0908999964594841,0.001550000044517219,0.15629999339580536,0.0986500009894371
BC_PN1,34.181744,-118.497703,17.4,12.7,54.0,38.49,29.7,6.3,23.4,13.2,22.0,22.7,12.9,408.0,87.0,0.0,93.0,239.0,5.0,11.0,227.0,Southern California/Northern Baja Coast,289.0,7.6,0.4,39.0,26.0,15.0,216.8607177734375,0.5608581084703268,220.54424149588738,0.7681493163108826,0.3168308734893799,0.3087612354400522,0.9601384245484803,0.4337199628353119,71.0,0.0,6.0,0.13680000603199005,0.10750000178813934,0.09070000052452087,0.08269999921321869,0.10644999891519547,0.16859999299049377,0.1964000016450882,0.20155000686645508,0.2204499989748001,0.0908999964594841,0.001550000044517219,0.15629999339580536,0.0986500009894371
BC_PN2,34.181334,-118.49781,17.4,12.7,54.0,38.49,29.7,6.3,23.4,13.2,22.0,22.7,12.9,408.0,87.0,0.0,93.0,239.0,5.0,11.0,227.0,Southern California/Northern Baja Coast,289.0,7.7,0.4,39.0,26.0,15.1,216.6177520751953,0.5613613775698955,220.54424149588738,0.7681493163108826,0.3471622169017792,0.3350213300111145,0.9626886423368012,0.474967360496521,71.0,0.0,5.0,0.13680000603199005,0.1075500026345253,0.09070000052452087,0.08269999921321869,0.10625000298023224,0.16859999299049377,0.1964000016450882,0.20020000636577606,0.2203499972820282,0.0908999964594841,0.00139999995008111,0.15629999339580536,0.09839999675750732
K0528_A1,34.181558,-118.497717,17.4,12.7,54.0,38.49,29.7,6.3,23.4,13.2,22.0,22.7,12.9,408.0,87.0,0.0,93.0,239.0,5.0,11.0,227.0,Southern California/Northern Baja Coast,289.0,7.6,0.4,39.0,26.0,15.0,216.68756103515625,0.5608581084703268,220.54424149588738,0.7681493163108826,0.3471622169017792,0.3350213300111145,0.9626886423368012,0.474967360496521,71.0,0.0,6.0,0.13680000603199005,0.10750000178813934,0.09070000052452087,0.08269999921321869,0.10625000298023224,0.16859999299049377,0.1964000016450882,0.20020000636577606,0.2203499972820282,0.0908999964594841,0.00139999995008111,0.15629999339580536,0.09839999675750732
K0528_E4,34.182029,-118.49771,17.4,12.7,54.0,38.49,29.7,6.3,23.4,13.2,22.0,22.7,12.9,408.0,87.0,0.0,93.0,239.0,5.0,11.0,227.0,Southern California/Northern Baja Coast,289.0,7.7,0.4,40.0,26.0,15.0,216.8607177734375,0.47536262034561055,244.5069667992304,0.7681493163108826,0.3168308734893799,0.3087612354400522,0.9606585623705837,0.5226544737815857,21.0,0.0,6.0,0.13680000603199005,0.10750000178813934,0.09070000052452087,0.08269999921321869,0.10644999891519547,0.16859999299049377,0.1964000016450882,0.20155000686645508,0.2204499989748001,0.0908999964594841,0.001550000044517219,0.15629999339580536,0.0986500009894371
K0528_K6,34.181975,-118.497849,17.4,12.7,54.0,38.49,29.7,6.3,23.4,13.2,22.0,22.7,12.9,408.0,87.0,0.0,93.0,239.0,5.0,11.0,227.0,Southern California/Northern Baja Coast,289.0,7.8,0.4,40.0,26.0,15.0,216.8607177734375,0.47536262034561055,220.54424149588738,0.7681493163108826,0.3168308734893799,0.3350213300111145,0.9601384245484803,0.5226544737815857,71.0,0.0,6.0,0.13680000603199005,0.10750000178813934,0.09070000052452087,0.08269999921321869,0.10644999891519547,0.16859999299049377,0.1964000016450882,0.20155000686645508,0.2204499989748001,0.0908999964594841,0.001550000044517219,0.15629999339580536,0.0986500009894371
K0529_K6,34.181652,-118.497718,17.4,12.7,54.0,38.49,29.7,6.3,23.4,13.2,22.0,22.7,12.9,408.0,87.0,0.0,93.0,239.0,5.0,11.0,227.0,Southern California/Northern Baja Coast,289.0,7.6,0.4,39.0,26.0,15.0,216.68756103515625,0.5608581084703268,220.54424149588738,0.7681493163108826,0.3168308734893799,0.3087612354400522,0.9626886423368012,0.4337199628353119,71.0,0.0,6.0,0.13680000603199005,0.10750000178813934,0.09070000052452087,0.08269999921321869,0.10644999891519547,0.16859999299049377,0.1964000016450882,0.20155000686645508,0.2204499989748001,0.0908999964594841,0.001550000044517219,0.15629999339580536,0.0986500009894371
K0529_T9,34.181651,-118.497716,17.4,12.7,54.0,38.49,29.7,6.3,23.4,13.2,22.0,22.7,12.9,408.0,87.0,0.0,93.0,239.0,5.0,11.0,227.0,Southern California/Northern Baja Coast,289.0,7.6,0.4,39.0,26.0,15.0,216.68756103515625,0.5608581084703268,220.54424149588738,0.7681493163108826,0.3168308734893799,0.3087612354400522,0.9626886423368012,0.4337199628353119,71.0,0.0,6.0,0.13680000603199005,0.10750000178813934,0.09070000052452087,0.08269999921321869,0.10644999891519547,0.16859999299049377,0.1964000016450882,0.20155000686645508,0.2204499989748001,0.0908999964594841,0.001550000044517219,0.15629999339580536,0.0986500009894371
K0530_A1,34.181419,-118.497763,17.4,12.7,54.0,38.49,29.7,6.3,23.4,13.2,22.0,22.7,12.9,408.0,87.0,0.0,93.0,239.0,5.0,11.0,227.0,Southern California/Northern Baja Coast,289.0,7.7,0.4,39.0,26.0,15.1,216.68756103515625,0.5608581084703268,220.54424149588738,0.7681493163108826,0.3471622169017792,0.3350213300111145,0.9626886423368012,0.474967360496521,71.0,0.0,5.0,0.13680000603199005,0.10750000178813934,0.09070000052452087,0.08269999921321869,0.10625000298023224,0.16859999299049377,0.1964000016450882,0.20020000636577606,0.2203499972820282,0.0908999964594841,0.00139999995008111,0.15629999339580536,0.09839999675750732
K0530_B2,34.181342,-118.497657,17.4,12.7,54.0,38.49,29.7,6.3,23.4,13.2,22.0,22.7,12.9,408.0,87.0,0.0,93.0,239.0,5.0,11.0,227.0,Southern California/Northern Baja Coast,289.0,7.6,0.4,39.0,26.0,15.1,216.68756103515625,0.5613613775698955,220.54424149588738,0.7681493163108826,0.3471622169017792,0.3350213300111145,0.9693156385589363,0.474967360496521,11.0,0.0,5.0,0.1354999989271164,0.10750000178813934,0.09070000052452087,0.08100000023841858,0.09480000287294388,0.121799997985363,0.13809999823570251,0.13850000500679016,0.14949999749660492,0.0908999964594841,0.00139999995008111,0.13815000653266907,0.09669999778270721
K0530_E4,34.1814,-118.497865,17.4,12.7,54.0,38.49,29.7,6.3,23.4,13.2,22.0,22.7,12.9,408.0,87.0,0.0,93.0,239.0,5.0,11.0,227.0,Southern California/Northern Baja Coast,289.0,7.8,0.4,40.0,26.0,15.1,216.6177520751953,0.5608581084703268,220.54424149588738,0.7681493163108826,0.3471622169017792,0.3350213300111145,0.9626886423368012,0.474967360496521,71.0,0.0,5.0,0.13680000603199005,0.1075500026345253,0.09070000052452087,0.08269999921321869,0.10644999891519547,0.16859999299049377,0.1964000016450882,0.20155000686645508,0.2204499989748001,0.0908999964594841,0.001550000044517219,0.15629999339580536,0.09839999675750732
CC_DB2,33.843588,-118.206254,17.9,10.9,53.0,33.17,28.3,7.8,20.5,14.3,21.7,22.4,13.9,322.0,72.0,0.0,98.0,195.0,3.0,8.0,188.0,Southern California/Northern Baja Coast,289.0,7.7,0.4,37.0,31.0,14.9,13.82365608215332,1.1491152788631283,167.79109823406958,0.8838689923286438,0.17403315007686615,0.1612135046202049,0.9598263922818884,0.26751479506492615,24.0,75.0,4.0,0.17339999973773956,0.14894999563694,0.1358499974012375,0.13529999554157257,0.14550000429153442,0.15569999814033508,0.16404999792575836,0.15354999899864197,0.1662999987602234,0.06390000134706497,0.00139999995008111,0.1704999953508377,0.14454999566078186
CC_PN1,33.842937,-118.205609,17.9,10.9,53.0,33.17,28.3,7.8,20.5,14.3,21.7,22.4,13.9,322.0,72.0,0.0,98.0,195.0,3.0,8.0,188.0,Southern California/Northern Baja Coast,289.0,7.7,0.2,38.0,32.0,15.4,13.169600486755371,1.8280709282140355,106.53153884374001,0.8838689923286438,0.17403315007686615,0.17894720329315858,0.9574751531364137,0.26751479506492615,22.0,48.0,4.0,0.15845000743865967,0.15039999783039093,0.13930000364780426,0.14425000548362732,0.1551000028848648,0.18614999949932098,0.20409999787807465,0.20149999856948853,0.21295000612735748,0.06679999828338623,0.00139999995008111,0.2092999964952469,0.16850000619888306
CC_PN2,33.843397,-118.205959,17.9,10.9,53.0,33.17,28.3,7.8,20.5,14.3,21.7,22.4,13.9,322.0,72.0,0.0,98.0,195.0,3.0,8.0,188.0,Southern California/Northern Baja Coast,289.0,7.7,0.4,37.0,31.0,14.9,13.647507667541504,1.8280709282140355,167.79109823406958,0.8838689923286438,0.17403315007686615,0.1612135046202049,0.9598263922818884,0.26751479506492615,24.0,70.0,4.0,0.16210000216960907,0.14894999563694,0.1358499974012375,0.13529999554157257,0.14550000429153442,0.17710000276565552,0.19085000455379486,0.18504999577999115,0.19949999451637268,0.06615000218153,0.00139999995008111,0.18330000340938568,0.14855000376701355
K0528_G5,33.843656,-118.206466,17.9,10.9,53.0,33.17,28.3,7.8,20.5,14.3,21.7,22.4,13.9,322.0,72.0,0.0,98.0,195.0,3.0,8.0,188.0,Southern California/Northern Baja Coast,289.0,7.7,0.4,37.0,31.0,14.9,13.82365608215332,1.1491152788631283,47.864323910530366,0.8838689923286438,0.17403315007686615,0.1612135046202049,0.9598263922818884,0.26751479506492615,24.0,75.0,4.0,0.17339999973773956,0.14894999563694,0.1358499974012375,0.13529999554157257,0.14550000429153442,0.15569999814033508,0.16404999792575836,0.15354999899864197,0.1662999987602234,0.06390000134706497,0.00139999995008111,0.1704999953508377,0.14454999566078186
K0528_L7,33.843055,-118.205667,17.9,10.9,53.0,33.17,28.3,7.8,20.5,14.3,21.7,22.4,13.9,322.0,72.0,0.0,98.0,195.0,3.0,8.0,188.0,Southern California/Northern Baja Coast,289.0,7.7,0.4,37.0,31.0,14.9,13.169600486755371,1.8280709282140355,106.53153884374001,0.8838689923286438,0.17403315007686615,0.17894720329315858,0.9574751531364137,0.26751479506492615,22.0,48.0,4.0,0.15929999947547913,0.15039999783039093,0.13930000364780426,0.14425000548362732,0.1551000028848648,0.18614999949932098,0.20409999787807465,0.20149999856948853,0.21295000612735748,0.06679999828338623,0.00139999995008111,0.19304999709129333,0.1655000001192093
K0528_T9,33.843328,-118.2061,17.9,10.9,53.0,33.17,28.3,7.8,20.5,14.3,21.7,22.4,13.9,322.0,72.0,0.0,98.0,195.0,3.0,8.0,188.0,Southern California/Northern Baja Coast,289.0,7.7,0.4,37.0,31.0,14.9,13.82365608215332,1.2435160276223307,167.79109823406958,0.8838689923286438,0.17403315007686615,0.1612135046202049,0.9598263922818884,0.26751479506492615,24.0,75.0,4.0,0.16394999623298645,0.14894999563694,0.1358499974012375,0.13529999554157257,0.14550000429153442,0.17710000276565552,0.19085000455379486,0.18504999577999115,0.19949999451637268,0.06615000218153,0.00139999995008111,0.18330000340938568,0.14855000376701355
K0529_A1,33.843196,-118.205854,17.9,10.9,53.0,33.17,28.3,7.8,20.5,14.3,21.7,22.4,13.9,322.0,72.0,0.0,98.0,195.0,3.0,8.0,188.0,Southern California/Northern Baja Coast,289.0,7.7,0.4,37.0,31.0,14.9,13.647507667541504,1.8280709282140355,167.79109823406958,0.8838689923286438,0.17403315007686615,0.1612135046202049,0.9598263922818884,0.26751479506492615,22.0,70.0,4.0,0.16210000216960907,0.15039999783039093,0.1358499974012375,0.13529999554157257,0.14550000429153442,0.17710000276565552,0.19085000455379486,0.18504999577999115,0.19949999451637268,0.06615000218153,0.00139999995008111,0.18330000340938568,0.14855000376701355
K0530_C3,33.843311,-118.206092,17.9,10.9,53.0,33.17,28.3,7.8,20.5,14.3,21.7,22.4,13.9,322.0,72.0,0.0,98.0,195.0,3.0,8.0,188.0,Southern California/Northern Baja Coast,289.0,7.7,0.4,37.0,31.0,14.9,13.82365608215332,1.2435160276223307,167.79109823406958,0.8838689923286438,0.17403315007686615,0.1612135046202049,0.9598263922818884,0.26751479506492615,24.0,75.0,4.0,0.16394999623298645,0.14894999563694,0.1358499974012375,0.13529999554157257,0.14550000429153442,0.17710000276565552,0.19085000455379486,0.18504999577999115,0.19949999451637268,0.06615000218153,0.00139999995008111,0.18330000340938568,0.14855000376701355
K0530_K6,33.842877,-118.205544,17.9,10.9,53.0,33.17,28.3,7.8,20.5,14.3,21.7,22.4,13.9,322.0,72.0,0.0,98.0,195.0,3.0,8.0,188.0,Southern California/Northern Baja Coast,289.0,7.7,0.2,38.0,32.0,15.4,13.169600486755371,1.8280709282140355,106.53153884374001,0.8838689923286438,0.17403315007686615,0.17894720329315858,0.9574751531364137,0.26751479506492615,22.0,48.0,4.0,0.15845000743865967,0.15039999783039093,0.13930000364780426,0.14425000548362732,0.1551000028848648,0.18614999949932098,0.20409999787807465,0.20149999856948853,0.21295000612735748,0.06679999828338623,0.00139999995008111,0.2092999964952469,0.16850000619888306
K0530_L7,33.842749,-118.205402,17.9,10.9,53.0,33.17,28.3,7.8,20.5,14.3,21.7,22.4,13.9,322.0,72.0,0.0,98.0,195.0,3.0,8.0,188.0,Southern California/Northern Baja Coast,289.0,7.7,0.2,38.0,32.0,15.4,13.169600486755371,1.7563850675765198,106.53153884374001,0.8838689923286438,0.19601157307624817,0.26145053626632975,0.9574751531364137,0.26751479506492615,22.0,48.0,7.0,0.15929999947547913,0.15039999783039093,0.13930000364780426,0.14425000548362732,0.1551000028848648,0.18614999949932098,0.20409999787807465,0.20149999856948853,0.21295000612735748,0.06679999828338623,0.00139999995008111,0.2092999964952469,0.16850000619888306
K0530_M8,33.843196,-118.205854,17.9,10.9,53.0,33.17,28.3,7.8,20.5,14.3,21.7,22.4,13.9,322.0,72.0,0.0,98.0,195.0,3.0,8.0,188.0,Southern California/Northern Baja Coast,289.0,7.7,0.4,37.0,31.0,14.9,13.647507667541504,1.8280709282140355,167.79109823406958,0.8838689923286438,0.17403315007686615,0.1612135046202049,0.9598263922818884,0.26751479506492615,22.0,70.0,4.0,0.16210000216960907,0.15039999783039093,0.1358499974012375,0.13529999554157257,0.14550000429153442,0.17710000276565552,0.19085000455379486,0.18504999577999115,0.19949999451637268,0.06615000218153,0.00139999995008111,0.18330000340938568,0.14855000376701355
EV_DB1,34.084725,-118.227931,18.3,12.0,54.0,35.86,29.9,7.7,22.2,14.4,22.5,23.2,14.1,397.0,91.0,0.0,99.0,255.0,5.0,13.0,232.0,Southern California/Northern Baja Coast,149.0,7.5,0.4,45.0,24.0,13.9,91.80513763427734,1.8338255137874482,229.84445286999068,0.8848928809165955,0.16558623313903809,0.16642720988073656,0.9638716649797866,0.26029467582702637,23.0,58.0,10.0,0.1624000072479248,0.13885000348091125,0.124549999833107,0.12364999949932098,0.13314999639987946,0.1547500044107437,0.16535000503063202,0.15755000710487366,0.17204999923706055,0.06310000270605087,0.0013000000035390258,0.15514999628067017,0.12155000120401382
EV_DB2,34.084749,-118.227965,18.3,12.0,54.0,35.86,29.9,7.7,22.2,14.4,22.5,23.2,14.1,397.0,91.0,0.0,99.0,255.0,5.0,13.0,232.0,Southern California/Northern Baja Coast,149.0,7.5,0.4,45.0,24.0,13.9,91.80513763427734,1.8338255137874482,229.84445286999068,0.8848928809165955,0.16558623313903809,0.16642720988073656,0.9638716649797866,0.26029467582702637,23.0,57.5,10.0,0.16100000590085983,0.13885000348091125,0.124549999833107,0.12364999949932098,0.13314999639987946,0.1547500044107437,0.16535000503063202,0.15755000710487366,0.17204999923706055,0.06310000270605087,0.0013000000035390258,0.15514999628067017,0.12155000120401382
EV_PN1,34.084783,-118.227988,18.3,12.0,54.0,35.86,29.9,7.7,22.2,14.4,22.5,23.2,14.1,397.0,91.0,0.0,99.0,255.0,5.0,13.0,232.0,Southern California/Northern Baja Coast,149.0,7.5,0.4,45.0,24.0,13.8,91.80513763427734,1.8338255137874482,229.84445286999068,0.8848928809165955,0.16558623313903809,0.16642720988073656,0.9638716649797866,0.26029467582702637,23.0,58.0,10.0,0.1624000072479248,0.13885000348091125,0.124549999833107,0.12364999949932098,0.13519999384880066,0.16760000586509705,0.17139999568462372,0.1603499948978424,0.17204999923706055,0.06310000270605087,0.00139999995008111,0.16599999368190765,0.12155000120401382
EV_PN2,34.084811,-118.228091,18.3,12.0,54.0,35.86,29.9,7.7,22.2,14.4,22.5,23.2,14.1,397.0,91.0,0.0,99.0,255.0,5.0,13.0,232.0,Southern California/Northern Baja Coast,149.0,7.5,0.4,45.0,24.0,13.8,91.80513763427734,1.8338255137874482,229.84445286999068,0.8848928809165955,0.16558623313903809,0.16642720988073656,0.9638716649797866,0.26029467582702637,23.0,58.0,10.0,0.1624000072479248,0.13885000348091125,0.124549999833107,0.12364999949932098,0.13314999639987946,0.16760000586509705,0.17139999568462372,0.1603499948978424,0.17204999923706055,0.06310000270605087,0.00139999995008111,0.16599999368190765,0.12155000120401382
K0529_C3,34.083829,-118.228152,18.3,12.0,54.0,35.86,29.9,7.7,22.2,14.4,22.5,23.2,14.1,397.0,91.0,0.0,99.0,255.0,5.0,13.0,232.0,Southern California/Northern Baja Coast,149.0,7.5,0.4,45.0,24.0,14.8,90.88279724121094,1.5663038399133131,100.06914346402695,0.8848928809165955,0.10452964901924133,0.0765541464778365,0.956442610967767,0.15964092314243317,23.0,57.0,8.0,0.1563500016927719,0.13885000348091125,0.124549999833107,0.12364999949932098,0.13244999945163727,0.14094999432563782,0.14910000562667847,0.13850000500679016,0.1518000066280365,0.0544000007212162,0.0013000000035390258,0.1344500035047531,0.11469999700784683
K0672_T9,34.084621,-118.228071,18.3,12.0,54.0,35.86,29.9,7.7,22.2,14.4,22.5,23.2,14.1,397.0,91.0,0.0,99.0,255.0,5.0,13.0,232.0,Southern California/Northern Baja Coast,149.0,7.5,0.4,45.0,24.0,14.3,91.80513763427734,1.8338255137874482,229.84445286999068,0.8848928809165955,0.16558623313903809,0.16642720988073656,0.9655323452930101,0.26029467582702637,23.0,58.0,10.0,0.1624000072479248,0.13885000348091125,0.124549999833107,0.12364999949932098,0.13314999639987946,0.1547500044107437,0.16535000503063202,0.15755000710487366,0.17204999923706055,0.06310000270605087,0.0013000000035390258,0.13865000009536743,0.11469999700784683
K0673_A1,34.084217,-118.228066,18.3,12.0,54.0,35.86,29.9,7.7,22.2,14.4,22.5,23.2,14.1,397.0,91.0,0.0,99.0,255.0,5.0,13.0,232.0,Southern California/Northern Baja Coast,149.0,7.5,0.4,45.0,24.0,14.8,90.88279724121094,1.5663038399133131,100.06914346402695,0.8848928809165955,0.13971002399921417,0.08962684044097156,0.9655323452930101,0.26029467582702637,23.0,58.0,10.0,0.1624000072479248,0.13885000348091125,0.124549999833107,0.12364999949932098,0.13244999945163727,0.14839999377727509,0.16015000641345978,0.15449999272823334,0.1647000014781952,0.0544000007212162,0.0013000000035390258,0.1344500035047531,0.11469999700784683
K0673_G5,34.084227,-118.228048,18.3,12.0,54.0,35.86,29.9,7.7,22.2,14.4,22.5,23.2,14.1,397.0,91.0,0.0,99.0,255.0,5.0,13.0,232.0,Southern California/Northern Baja Coast,149.0,7.5,0.4,45.0,24.0,14.8,90.88279724121094,1.5663038399133131,100.06914346402695,0.8848928809165955,0.13971002399921417,0.08962684044097156,0.9655323452930101,0.26029467582702637,23.0,58.0,10.0,0.1624000072479248,0.13885000348091125,0.124549999833107,0.12364999949932098,0.13244999945163727,0.14839999377727509,0.16015000641345978,0.15449999272823334,0.1647000014781952,0.0544000007212162,0.0013000000035390258,0.1344500035047531,0.11469999700784683
K0674_G5,34.08455,-118.228053,18.3,12.0,54.0,35.86,29.9,7.7,22.2,14.4,22.5,23.2,14.1,397.0,91.0,0.0,99.0,255.0,5.0,13.0,232.0,Southern California/Northern Baja Coast,149.0,7.5,0.4,45.0,24.0,14.3,91.80513763427734,1.8338255137874482,229.84445286999068,0.8848928809165955,0.16558623313903809,0.16642720988073656,0.9655323452930101,0.26029467582702637,23.0,58.0,10.0,0.1624000072479248,0.13885000348091125,0.124549999833107,0.12364999949932098,0.13314999639987946,0.1547500044107437,0.16535000503063202,0.15755000710487366,0.17204999923706055,0.06310000270605087,0.0013000000035390258,0.13865000009536743,0.11469999700784683
K0676_B2,34.08449,-118.228157,18.3,12.0,54.0,35.86,29.9,7.7,22.2,14.4,22.5,23.2,14.1,397.0,91.0,0.0,99.0,255.0,5.0,13.0,232.0,Southern California/Northern Baja Coast,149.0,7.5,0.4,45.0,24.0,14.8,90.88279724121094,0.8489339995518077,100.06914346402695,0.8848928809165955,0.16558623313903809,0.16642720988073656,0.9655323452930101,0.26029467582702637,23.0,58.0,10.0,0.1624000072479248,0.13885000348091125,0.124549999833107,0.12364999949932098,0.13244999945163727,0.1547500044107437,0.16535000503063202,0.15755000710487366,0.17204999923706055,0.06310000270605087,0.0013000000035390258,0.13865000009536743,0.11469999700784683
K0676_T9,34.084721,-118.228145,18.3,12.0,54.0,35.86,29.9,7.7,22.2,14.4,22.5,23.2,14.1,397.0,91.0,0.0,99.0,255.0,5.0,13.0,232.0,Southern California/Northern Baja Coast,149.0,7.5,0.4,45.0,24.0,13.8,91.80513763427734,1.8338255137874482,229.84445286999068,0.8848928809165955,0.16558623313903809,0.16642720988073656,0.9638716649797866,0.26029467582702637,23.0,58.0,10.0,0.1624000072479248,0.13885000348091125,0.124549999833107,0.12364999949932098,0.13519999384880066,0.1547500044107437,0.16535000503063202,0.15755000710487366,0.17204999923706055,0.06310000270605087,0.0013000000035390258,0.14014999568462372,0.11469999700784683
K0677_A1,34.084482,-118.228157,18.3,12.0,54.0,35.86,29.9,7.7,22.2,14.4,22.5,23.2,14.1,397.0,91.0,0.0,99.0,255.0,5.0,13.0,232.0,Southern California/Northern Baja Coast,149.0,7.5,0.4,45.0,24.0,14.8,90.88279724121094,0.8489339995518077,100.06914346402695,0.8848928809165955,0.16558623313903809,0.16642720988073656,0.9655323452930101,0.26029467582702637,23.0,58.0,10.0,0.1624000072479248,0.13885000348091125,0.124549999833107,0.12364999949932098,0.13244999945163727,0.1547500044107437,0.16535000503063202,0.15755000710487366,0.17204999923706055,0.06310000270605087,0.0013000000035390258,0.13865000009536743,0.11469999700784683
GL_DB1,34.154628,-118.276434,18.1,12.5,54.0,36.9,30.2,7.1,23.1,14.1,22.5,23.2,13.7,381.0,85.0,0.0,98.0,235.0,5.0,12.0,219.0,Southern California/Northern Baja Coast,289.0,7.5,0.4,48.0,23.0,13.7,139.0814208984375,2.5945218627959896,183.90144208980877,0.9409082531929016,0.13767988979816437,0.13016963495133474,0.9583384492438937,0.11442150920629501,24.0,81.0,2.0,0.1673000007867813,0.1445000022649765,0.13130000233650208,0.13019999861717224,0.13490000367164612,0.15049999952316284,0.15995000302791595,0.14810000360012054,0.15995000302791595,0.05974999815225601,0.0013000000035390258,0.1476999968290329,0.12540000677108765
GL_DB2,34.154684,-118.276416,18.1,12.5,54.0,36.9,30.2,7.1,23.1,14.1,22.5,23.2,13.7,381.0,85.0,0.0,98.0,235.0,5.0,12.0,219.0,Southern California/Northern Baja Coast,289.0,7.5,0.4,48.0,23.0,13.7,139.0814208984375,2.6831713015638736,183.90144208980877,0.9409082531929016,0.13767988979816437,0.13016963495133474,0.9583384492438937,0.11442150920629501,24.0,81.0,2.0,0.1673000007867813,0.1445000022649765,0.13130000233650208,0.13019999861717224,0.13490000367164612,0.15049999952316284,0.15995000302791595,0.14810000360012054,0.15995000302791595,0.05974999815225601,0.0013000000035390258,0.1476999968290329,0.12540000677108765
GL_PN1,34.154643,-118.276535,18.1,12.5,54.0,36.9,30.2,7.1,23.1,14.1,22.5,23.2,13.7,381.0,85.0,0.0,98.0,235.0,5.0,12.0,219.0,Southern California/Northern Baja Coast,289.0,7.5,0.4,48.0,23.0,13.7,139.0814208984375,2.6831713015638736,165.77326277080445,0.9409082531929016,0.13767988979816437,0.12129836791829407,0.9583384492438937,0.11442150920629501,24.0,81.0,2.0,0.1673000007867813,0.1445000022649765,0.13130000233650208,0.13715000450611115,0.14014999568462372,0.1545500010251999,0.15995000302791595,0.14810000360012054,0.15995000302791595,0.05974999815225601,0.0013000000035390258,0.14904999732971191,0.13269999623298645
GL_PN2,34.154764,-118.276601,18.1,12.5,54.0,36.9,30.2,7.1,23.1,14.1,22.5,23.2,13.7,381.0,85.0,0.0,98.0,235.0,5.0,12.0,219.0,Southern California/Northern Baja Coast,289.0,7.5,0.4,48.0,23.0,13.7,140.55747985839844,2.6831713015638736,165.77326277080445,0.9409082531929016,0.13767988979816437,0.13016963495133474,0.9583384492438937,0.12521077692508698,24.0,81.0,2.0,0.1673000007867813,0.1445000022649765,0.13130000233650208,0.13019999861717224,0.13490000367164612,0.1545500010251999,0.15995000302791595,0.14810000360012054,0.15995000302791595,0.05974999815225601,0.0013000000035390258,0.14904999732971191,0.12540000677108765
K0593_T9,34.155282,-118.275211,18.1,12.5,54.0,36.9,30.2,7.1,23.1,14.1,22.5,23.2,13.7,381.0,85.0,0.0,98.0,235.0,5.0,12.0,219.0,Southern California/Northern Baja Coast,289.0,7.5,0.4,43.0,23.0,14.0,141.48580932617188,1.256143569250775,188.31257160785,0.9409082531929016,0.14370834827423096,0.12129836791829407,0.9593475201127245,0.16660229861736298,23.0,81.0,4.0,0.16899999976158142,0.14509999752044678,0.12950000166893005,0.12999999523162842,0.13490000367164612,0.1579499989748001,0.16744999587535858,0.15424999594688416,0.16904999315738678,0.059950001537799835,0.0013500000350177288,0.14904999732971191,0.13089999556541443
K0594_L7,34.15459,-118.276618,18.1,12.5,54.0,36.9,30.2,7.1,23.1,14.1,22.5,23.2,13.7,381.0,85.0,0.0,98.0,235.0,5.0,12.0,219.0,Southern California/Northern Baja Coast,289.0,7.5,0.4,48.0,23.0,13.7,139.0814208984375,2.6831713015638736,165.77326277080445,0.9409082531929016,0.13767988979816437,0.12129836791829407,0.9583384492438937,0.11442150920629501,24.0,81.0,2.0,0.1673000007867813,0.1445000022649765,0.13130000233650208,0.13715000450611115,0.14014999568462372,0.1545500010251999,0.16245000064373016,0.1554500013589859,0.16940000653266907,0.05974999815225601,0.0013000000035390258,0.15665000677108765,0.13269999623298645
K0596_C3,34.155107,-118.275459,18.1,12.5,54.0,36.9,30.2,7.1,23.1,14.1,22.5,23.2,13.7,381.0,85.0,0.0,98.0,235.0,5.0,12.0,219.0,Southern California/Northern Baja Coast,289.0,7.5,0.4,48.0,23.0,13.7,141.48580932617188,1.256143569250775,185.80418662507344,0.9409082531929016,0.14370834827423096,0.12129836791829407,0.9593475201127245,0.16660229861736298,23.0,81.0,4.0,0.16904999315738678,0.14665000140666962,0.13165000081062317,0.13019999861717224,0.13490000367164612,0.148049995303154,0.1551000028848648,0.1460999995470047,0.15995000302791595,0.059950001537799835,0.0013000000035390258,0.148499995470047,0.13089999556541443
K0596_E4,34.154774,-118.27637,18.1,12.5,54.0,36.9,30.2,7.1,23.1,14.1,22.5,23.2,13.7,381.0,85.0,0.0,98.0,235.0,5.0,12.0,219.0,Southern California/Northern Baja Coast,289.0,7.5,0.4,48.0,23.0,13.7,139.0814208984375,2.5058724240281056,183.90144208980877,0.9409082531929016,0.13767988979816437,0.13016963495133474,0.9583384492438937,0.11442150920629501,24.0,81.0,2.0,0.1673000007867813,0.1445000022649765,0.13130000233650208,0.13019999861717224,0.13490000367164612,0.15049999952316284,0.15995000302791595,0.14810000360012054,0.15995000302791595,0.05974999815225601,0.0013000000035390258,0.1476999968290329,0.12540000677108765
K0596_L7,34.154918,-118.276231,18.1,12.5,54.0,36.9,30.2,7.1,23.1,14.1,22.5,23.2,13.7,381.0,85.0,0.0,98.0,235.0,5.0,12.0,219.0,Southern California/Northern Baja Coast,289.0,7.5,0.4,48.0,23.0,13.7,140.55747985839844,1.6815409772831158,183.90144208980877,0.9409082531929016,0.13767988979816437,0.12129836791829407,0.9583384492438937,0.11442150920629501,24.0,81.0,4.0,0.1673000007867813,0.1445000022649765,0.13130000233650208,0.13715000450611115,0.14014999568462372,0.1545500010251999,0.15995000302791595,0.14810000360012054,0.15995000302791595,0.059950001537799835,0.0013000000035390258,0.14904999732971191,0.13269999623298645
K0596_T9,34.154973,-118.275799,18.1,12.5,54.0,36.9,30.2,7.1,23.1,14.1,22.5,23.2,13.7,381.0,85.0,0.0,98.0,235.0,5.0,12.0,219.0,Southern California/Northern Baja Coast,289.0,7.5,0.4,48.0,23.0,13.7,140.55747985839844,1.3572606062809303,183.90144208980877,0.9409082531929016,0.13767988979816437,0.12129836791829407,0.9583384492438937,0.13400119543075562,24.0,81.0,4.0,0.16904999315738678,0.14665000140666962,0.13165000081062317,0.13019999861717224,0.1388999968767166,0.1545500010251999,0.15995000302791595,0.14810000360012054,0.15995000302791595,0.059950001537799835,0.0013000000035390258,0.14904999732971191,0.13269999623298645
K0597_K6,34.154997,-118.275944,18.1,12.5,54.0,36.9,30.2,7.1,23.1,14.1,22.5,23.2,13.7,381.0,85.0,0.0,98.0,235.0,5.0,12.0,219.0,Southern California/Northern Baja Coast,289.0,7.5,0.4,48.0,23.0,13.7,140.55747985839844,1.3109872586923563,183.90144208980877,0.9409082531929016,0.13767988979816437,0.12129836791829407,0.9583384492438937,0.12521077692508698,24.0,81.0,4.0,0.16904999315738678,0.14665000140666962,0.13165000081062317,0.13715000450611115,0.14014999568462372,0.1545500010251999,0.15995000302791595,0.14810000360012054,0.15995000302791595,0.059950001537799835,0.0013000000035390258,0.14904999732971191,0.13269999623298645
K0597_L7,34.155157,-118.27542,18.1,12.5,54.0,36.9,30.2,7.1,23.1,14.1,22.5,23.2,13.7,381.0,85.0,0.0,98.0,235.0,5.0,12.0,219.0,Southern California/Northern Baja Coast,289.0,7.5,0.4,48.0,23.0,13.7,141.48580932617188,1.256143569250775,185.80418662507344,0.9409082531929016,0.14370834827423096,0.12129836791829407,0.9593475201127245,0.16660229861736298,23.0,81.0,4.0,0.16904999315738678,0.14665000140666962,0.13165000081062317,0.13019999861717224,0.13490000367164612,0.155799999833107,0.15995000302791595,0.14810000360012054,0.15995000302791595,0.059950001537799835,0.0013000000035390258,0.14904999732971191,0.13089999556541443
GN_DB1,34.103374,-118.242662,18.3,12.1,54.0,35.65,29.9,7.6,22.3,14.4,22.5,23.2,14.0,393.0,89.0,0.0,100.0,250.0,5.0,13.0,228.0,Southern California/Northern Baja Coast,289.0,7.5,0.4,43.0,26.0,14.1,104.26347351074219,2.45940783993591,104.87843781023918,0.9351190328598022,0.12772507965564728,0.10956443417701812,0.9586493249764246,0.15654543042182922,23.0,57.0,10.0,0.17534999549388885,0.1551000028848648,0.1432500034570694,0.15195000171661377,0.1582999974489212,0.1670999974012375,0.17829999327659607,0.17374999821186066,0.18790000677108765,0.07240000367164612,0.00139999995008111,0.17865000665187836,0.13940000534057617
GN_DB2,34.102937,-118.242638,18.3,12.1,54.0,35.65,29.9,7.6,22.3,14.4,22.5,23.2,14.0,393.0,89.0,0.0,100.0,250.0,5.0,13.0,228.0,Southern California/Northern Baja Coast,289.0,7.5,0.4,43.0,26.0,14.1,103.69080352783203,2.45940783993591,104.87843781023918,0.9351190328598022,0.13781432807445526,0.1229581812451365,0.9586493249764246,0.18164272606372833,23.0,57.0,10.0,0.17534999549388885,0.1505499929189682,0.1354999989271164,0.1379999965429306,0.14094999432563782,0.16155000030994415,0.17829999327659607,0.17374999821186066,0.18790000677108765,0.07240000367164612,0.00139999995008111,0.15745000541210175,0.13030000030994415
GN_PN1,34.10341,-118.242673,18.3,12.1,54.0,35.65,29.9,7.6,22.3,14.4,22.5,23.2,14.0,393.0,89.0,0.0,100.0,250.0,5.0,13.0,228.0,Southern California/Northern Baja Coast,289.0,7.5,0.4,43.0,26.0,14.1,104.26347351074219,2.45940783993591,104.87843781023918,0.9351190328598022,0.12772507965564728,0.10956443417701812,0.9586493249764246,0.15654543042182922,23.0,57.0,10.0,0.17534999549388885,0.1551000028848648,0.1432500034570694,0.15195000171661377,0.1582999974489212,0.1670999974012375,0.17829999327659607,0.17374999821186066,0.18790000677108765,0.07240000367164612,0.00139999995008111,0.17865000665187836,0.13940000534057617
GN_PN2,34.10329,-118.242672,18.3,12.1,54.0,35.65,29.9,7.6,22.3,14.4,22.5,23.2,14.0,393.0,89.0,0.0,100.0,250.0,5.0,13.0,228.0,Southern California/Northern Baja Coast,289.0,7.5,0.4,43.0,26.0,14.1,104.26347351074219,2.45940783993591,104.87843781023918,0.9351190328598022,0.13418148458003998,0.10956443417701812,0.9586493249764246,0.17475081980228424,23.0,57.0,10.0,0.17534999549388885,0.1543000042438507,0.1432500034570694,0.15195000171661377,0.1579499989748001,0.1670999974012375,0.17829999327659607,0.17374999821186066,0.18790000677108765,0.07240000367164612,0.00139999995008111,0.17865000665187836,0.13940000534057617
K0526_C3,34.102813,-118.242742,18.3,12.1,54.0,35.65,29.9,7.6,22.3,14.4,22.5,23.2,14.0,393.0,89.0,0.0,100.0,250.0,5.0,13.0,228.0,Southern California/Northern Baja Coast,289.0,7.5,0.4,43.0,26.0,14.1,104.26347351074219,2.45940783993591,104.87843781023918,0.9351190328598022,0.14146342873573303,0.13653360729185732,0.9589871509817453,0.18164272606372833,23.0,57.0,10.0,0.17534999549388885,0.1505499929189682,0.1354999989271164,0.1379999965429306,0.14094999432563782,0.16155000030994415,0.17829999327659607,0.17374999821186066,0.18790000677108765,0.07240000367164612,0.00139999995008111,0.15745000541210175,0.13030000030994415
K0526_G5,34.103427,-118.242642,18.3,12.1,54.0,35.65,29.9,7.6,22.3,14.4,22.5,23.2,14.0,393.0,89.0,0.0,100.0,250.0,5.0,13.0,228.0,Southern California/Northern Baja Coast,289.0,7.5,0.4,43.0,26.0,14.1,104.26347351074219,2.45940783993591,104.87843781023918,0.9351190328598022,0.12772507965564728,0.10956443417701812,0.9586493249764246,0.15654543042182922,23.0,57.0,10.0,0.17534999549388885,0.1551000028848648,0.1432500034570694,0.15195000171661377,0.1582999974489212,0.1670999974012375,0.17829999327659607,0.17374999821186066,0.18790000677108765,0.07240000367164612,0.00139999995008111,0.17865000665187836,0.13940000534057617
K0529_B2,34.103109,-118.242634,18.3,12.1,54.0,35.65,29.9,7.6,22.3,14.4,22.5,23.2,14.0,393.0,89.0,0.0,100.0,250.0,5.0,13.0,228.0,Southern California/Northern Baja Coast,289.0,7.5,0.4,43.0,26.0,14.1,103.37380599975586,1.7382098393998127,104.87843781023918,0.9351190328598022,0.13418148458003998,0.11515168557338194,0.9586493249764246,0.18164272606372833,23.0,57.0,10.0,0.17534999549388885,0.1505499929189682,0.1354999989271164,0.1379999965429306,0.14094999432563782,0.16155000030994415,0.17829999327659607,0.17374999821186066,0.18790000677108765,0.07240000367164612,0.00139999995008111,0.15745000541210175,0.13030000030994415
K0529_G5,34.103652,-118.242686,18.3,12.1,54.0,35.65,29.9,7.6,22.3,14.4,22.5,23.2,14.0,393.0,89.0,0.0,100.0,250.0,5.0,13.0,228.0,Southern California/Northern Baja Coast,289.0,7.5,0.4,44.0,26.0,14.0,104.26347351074219,2.45940783993591,104.87843781023918,0.9351190328598022,0.12772507965564728,0.10956443417701812,0.9586493249764246,0.15654543042182922,23.0,72.0,4.0,0.17534999549388885,0.1551000028848648,0.1432500034570694,0.15195000171661377,0.1582999974489212,0.1670999974012375,0.17829999327659607,0.17374999821186066,0.18790000677108765,0.07240000367164612,0.00139999995008111,0.17865000665187836,0.13940000534057617
K0529_M8,34.103251,-118.242645,18.3,12.1,54.0,35.65,29.9,7.6,22.3,14.4,22.5,23.2,14.0,393.0,89.0,0.0,100.0,250.0,5.0,13.0,228.0,Southern California/Northern Baja Coast,289.0,7.5,0.4,43.0,26.0,14.1,104.26347351074219,2.45940783993591,104.87843781023918,0.9351190328598022,0.13418148458003998,0.10956443417701812,0.9586493249764246,0.17475081980228424,23.0,57.0,10.0,0.17534999549388885,0.15242499858140945,0.1393750011920929,0.1449749991297722,0.14944999665021896,0.16432499885559082,0.17829999327659607,0.17374999821186066,0.18790000677108765,0.07240000367164612,0.00139999995008111,0.16805000603199005,0.13485000282526016
K0672_B2,34.10274,-118.242669,18.3,12.1,54.0,35.65,29.9,7.6,22.3,14.4,22.5,23.2,14.0,393.0,89.0,0.0,100.0,250.0,5.0,13.0,228.0,Southern California/Northern Baja Coast,289.0,7.5,0.4,43.0,26.0,14.1,103.69080352783203,2.45940783993591,104.87843781023918,0.9351190328598022,0.14146342873573303,0.13653360729185732,0.9589871509817453,0.18164272606372833,23.0,57.0,10.0,0.17534999549388885,0.1505499929189682,0.1354999989271164,0.1379999965429306,0.14094999432563782,0.16155000030994415,0.17829999327659607,0.17374999821186066,0.18790000677108765,0.07240000367164612,0.00139999995008111,0.15745000541210175,0.13030000030994415
K0678_B2,34.103274,-118.242544,18.3,12.1,54.0,35.65,29.9,7.6,22.3,14.4,22.5,23.2,14.0,393.0,89.0,0.0,100.0,250.0,5.0,13.0,228.0,Southern California/Northern Baja Coast,289.0,7.5,0.4,43.0,26.0,14.1,102.48413848876953,1.0170118388637155,104.87843781023918,0.9351190328598022,0.13599790632724762,0.11235805987520003,0.9562999671632135,0.17475081980228424,23.0,57.0,10.0,0.17117499560117722,0.1543000042438507,0.1432500034570694,0.15195000171661377,0.1579499989748001,0.16759999841451645,0.1785999983549118,0.17374999821186066,0.18790000677108765,0.07342500239610672,0.00139999995008111,0.18662500381469727,0.14880000054836273
K0678_K6,34.103437,-118.24275,18.3,12.1,54.0,35.65,29.9,7.6,22.3,14.4,22.5,23.2,14.0,393.0,89.0,0.0,100.0,250.0,5.0,13.0,228.0,Southern California/Northern Baja Coast,289.0,7.5,0.4,43.0,26.0,14.1,104.26347351074219,2.45940783993591,104.87843781023918,0.9351190328598022,0.12772507965564728,0.1229581812451365,0.9586493249764246,0.15654543042182922,23.0,57.0,10.0,0.17534999549388885,0.1551000028848648,0.1432500034570694,0.15195000171661377,0.16165000200271606,0.18050000071525574,0.19384999573230743,0.1809999942779541,0.20184999704360962,0.07445000112056732,0.00139999995008111,0.19460000097751617,0.1581999957561493
LB_DB1reserve,33.763026,-118.202279,17.7,10.5,53.0,32.42,27.8,8.0,19.8,14.2,21.5,22.2,13.9,305.0,69.0,0.0,95.0,180.0,3.0,8.0,177.0,Southern California/Northern Baja Coast,148.0,7.6,0.8,47.0,25.0,12.7,1.990004062652588,2.291024130835891,230.2550228432012,0.8228861689567566,-0.08910411596298218,-0.08838296332904448,0.9717386650530135,0.13517220318317413,21.0,21.0,8.0,0.1348000019788742,0.10530000180006027,0.07999999821186066,0.05889999866485596,0.06260000169277191,0.0681999996304512,0.07150000333786011,0.06769999861717224,0.07180000096559525,0.02019999921321869,8.999999845400453E-4,0.056299999356269836,0.03880000114440918
LB_DB2reserve,33.762908,-118.202197,17.7,10.5,53.0,32.42,27.8,8.0,19.8,14.2,21.5,22.2,13.9,305.0,69.0,0.0,95.0,180.0,3.0,8.0,177.0,Southern California/Northern Baja Coast,148.0,7.6,0.8,47.0,25.0,12.7,1.990004062652588,2.572997213047512,230.2550228432012,0.8228861689567566,-0.08910411596298218,-0.08838296332904448,0.9717386650530135,0.13517220318317413,11.0,12.0,8.0,0.1348000019788742,0.10530000180006027,0.07999999821186066,0.05889999866485596,0.06260000169277191,0.0681999996304512,0.07150000333786011,0.06769999861717224,0.07180000096559525,0.02019999921321869,8.999999845400453E-4,0.056299999356269836,0.03880000114440918
LB_DB1,33.762799,-118.202215,17.7,10.5,53.0,32.42,27.8,8.0,19.8,14.2,21.5,22.2,13.9,305.0,69.0,0.0,95.0,180.0,3.0,8.0,177.0,Southern California/Northern Baja Coast,148.0,7.6,0.8,47.0,25.0,12.7,1.990004062652588,2.291024130835891,230.2550228432012,0.8228861689567566,-0.08910411596298218,-0.08838296332904448,0.9717386650530135,0.13517220318317413,11.0,12.0,8.0,0.1348000019788742,0.10379999876022339,0.07370000332593918,0.051600001752376556,0.048500001430511475,0.04670000076293945,0.0478999987244606,0.0430000014603138,0.04529999941587448,0.02019999921321869,8.999999845400453E-4,0.03480000048875809,0.026799999177455902
LB_DB2,33.762807,-118.2022,17.7,10.5,53.0,32.42,27.8,8.0,19.8,14.2,21.5,22.2,13.9,305.0,69.0,0.0,95.0,180.0,3.0,8.0,177.0,Southern California/Northern Baja Coast,148.0,7.6,0.8,47.0,25.0,12.7,1.990004062652588,2.291024130835891,230.2550228432012,0.8228861689567566,-0.08910411596298218,-0.08838296332904448,0.9717386650530135,0.13517220318317413,11.0,12.0,8.0,0.1348000019788742,0.10530000180006027,0.07999999821186066,0.05889999866485596,0.06260000169277191,0.0681999996304512,0.07150000333786011,0.06769999861717224,0.07180000096559525,0.02019999921321869,8.999999845400453E-4,0.056299999356269836,0.03880000114440918
LB_PN1,33.762815,-118.20225,17.7,10.5,53.0,32.42,27.8,8.0,19.8,14.2,21.5,22.2,13.9,305.0,69.0,0.0,95.0,180.0,3.0,8.0,177.0,Southern California/Northern Baja Coast,148.0,7.6,0.8,47.0,25.0,12.7,1.990004062652588,2.291024130835891,230.2550228432012,0.8228861689567566,-0.08910411596298218,-0.08838296332904448,0.9717386650530135,0.13517220318317413,11.0,12.0,8.0,0.1348000019788742,0.10530000180006027,0.07999999821186066,0.05889999866485596,0.06260000169277191,0.0681999996304512,0.07150000333786011,0.06769999861717224,0.07180000096559525,0.02019999921321869,8.999999845400453E-4,0.056299999356269836,0.03880000114440918
LB_PN2,33.762834,-118.202466,17.7,10.5,53.0,32.42,27.8,8.0,19.8,14.2,21.5,22.2,13.9,305.0,69.0,0.0,95.0,180.0,3.0,8.0,177.0,Southern California/Northern Baja Coast,148.0,7.6,0.8,47.0,26.0,12.7,0.4633397161960602,2.291024130835891,230.2550228432012,0.8228861689567566,-0.08910411596298218,-0.0884245935583875,0.9717386650530135,0.051565516740083694,11.0,9.0,6.0,0.13459999859333038,0.09910000115633011,0.0689999982714653,0.04179999977350235,0.03759999945759773,0.029200000688433647,0.0284000001847744,0.023800000548362732,0.02250000089406967,0.018699999898672104,8.999999845400453E-4,0.012199999764561653,0.009200000204145908
K0672_A1,33.762909,-118.202355,17.7,10.5,53.0,32.42,27.8,8.0,19.8,14.2,21.5,22.2,13.9,305.0,69.0,0.0,95.0,180.0,3.0,8.0,177.0,Southern California/Northern Baja Coast,148.0,7.6,0.8,47.0,25.0,12.7,1.990004062652588,2.291024130835891,230.2550228432012,0.8228861689567566,-0.08910411596298218,-0.0884245935583875,0.9717386650530135,0.13517220318317413,11.0,12.0,8.0,0.1348000019788742,0.10530000180006027,0.07999999821186066,0.05889999866485596,0.06260000169277191,0.0681999996304512,0.07150000333786011,0.06769999861717224,0.07180000096559525,0.02019999921321869,8.999999845400453E-4,0.056299999356269836,0.03880000114440918
K0674_M8,33.762738,-118.202271,17.7,10.5,53.0,32.42,27.8,8.0,19.8,14.2,21.5,22.2,13.9,305.0,69.0,0.0,95.0,180.0,3.0,8.0,177.0,Southern California/Northern Baja Coast,148.0,7.6,0.8,47.0,25.0,12.7,1.990004062652588,2.291024130835891,230.2550228432012,0.8228861689567566,-0.08910411596298218,-0.08838296332904448,0.9717386650530135,0.051565516740083694,11.0,9.0,6.0,0.13459999859333038,0.09910000115633011,0.0689999982714653,0.04179999977350235,0.03759999945759773,0.02930000051856041,0.0284000001847744,0.023800000548362732,0.02250000089406967,0.018699999898672104,8.999999845400453E-4,0.012199999764561653,0.009200000204145908
K0676_M8,33.762683,-118.202126,17.7,10.5,53.0,32.42,27.8,8.0,19.8,14.2,21.5,22.2,13.9,305.0,69.0,0.0,95.0,180.0,3.0,8.0,177.0,Southern California/Northern Baja Coast,148.0,7.6,0.8,47.0,25.0,12.7,1.990004062652588,2.291024130835891,230.2550228432012,0.8228861689567566,-0.08910411596298218,-0.08838296332904448,0.9717386650530135,0.051565516740083694,11.0,9.0,6.0,0.13459999859333038,0.09910000115633011,0.0689999982714653,0.04179999977350235,0.03759999945759773,0.02930000051856041,0.0284000001847744,0.023800000548362732,0.02250000089406967,0.018699999898672104,8.999999845400453E-4,0.012199999764561653,0.009200000204145908
K0677_B2,33.762833,-118.202418,17.7,10.5,53.0,32.42,27.8,8.0,19.8,14.2,21.5,22.2,13.9,305.0,69.0,0.0,95.0,180.0,3.0,8.0,177.0,Southern California/Northern Baja Coast,148.0,7.6,0.8,47.0,25.0,12.7,0.4633397161960602,2.291024130835891,230.2550228432012,0.8228861689567566,-0.08910411596298218,-0.0884245935583875,0.9717386650530135,0.051565516740083694,11.0,12.0,6.0,0.13459999859333038,0.09910000115633011,0.0689999982714653,0.04179999977350235,0.03759999945759773,0.02930000051856041,0.0284000001847744,0.023800000548362732,0.02250000089406967,0.018699999898672104,8.999999845400453E-4,0.012199999764561653,0.009200000204145908
K0677_E4,33.762907,-118.202298,17.7,10.5,53.0,32.42,27.8,8.0,19.8,14.2,21.5,22.2,13.9,305.0,69.0,0.0,95.0,180.0,3.0,8.0,177.0,Southern California/Northern Baja Coast,148.0,7.6,0.8,47.0,25.0,12.7,1.990004062652588,2.291024130835891,230.2550228432012,0.8228861689567566,-0.08910411596298218,-0.08838296332904448,0.9717386650530135,0.13517220318317413,11.0,12.0,8.0,0.1348000019788742,0.10530000180006027,0.07999999821186066,0.05889999866485596,0.06260000169277191,0.0681999996304512,0.07150000333786011,0.06769999861717224,0.07180000096559525,0.02019999921321869,8.999999845400453E-4,0.056299999356269836,0.03880000114440918
K0677_L7,33.762841,-118.20235,17.7,10.5,53.0,32.42,27.8,8.0,19.8,14.2,21.5,22.2,13.9,305.0,69.0,0.0,95.0,180.0,3.0,8.0,177.0,Southern California/Northern Baja Coast,148.0,7.6,0.8,47.0,25.0,12.7,1.990004062652588,2.291024130835891,230.2550228432012,0.8228861689567566,-0.08910411596298218,-0.0884245935583875,0.9717386650530135,0.13517220318317413,11.0,12.0,7.0,0.1348000019788742,0.10379999876022339,0.07370000332593918,0.051600001752376556,0.048500001430511475,0.04670000076293945,0.0478999987244606,0.0430000014603138,0.04529999941587448,0.02019999921321869,8.999999845400453E-4,0.03480000048875809,0.026799999177455902
K0678_L7,33.762906,-118.202305,17.7,10.5,53.0,32.42,27.8,8.0,19.8,14.2,21.5,22.2,13.9,305.0,69.0,0.0,95.0,180.0,3.0,8.0,177.0,Southern California/Northern Baja Coast,148.0,7.6,0.8,47.0,25.0,12.7,1.990004062652588,2.291024130835891,230.2550228432012,0.8228861689567566,-0.08910411596298218,-0.08838296332904448,0.9717386650530135,0.13517220318317413,11.0,12.0,8.0,0.1348000019788742,0.10530000180006027,0.07999999821186066,0.05889999866485596,0.06260000169277191,0.0681999996304512,0.07150000333786011,0.06769999861717224,0.07180000096559525,0.02019999921321869,8.999999845400453E-4,0.056299999356269836,0.03880000114440918
K0701_C3,33.76269,-118.202303,17.7,10.5,53.0,32.42,27.8,8.0,19.8,14.2,21.5,22.2,13.9,305.0,69.0,0.0,95.0,180.0,3.0,8.0,177.0,Southern California/Northern Baja Coast,148.0,7.6,0.8,47.0,25.0,12.7,0.4633397161960602,2.291024130835891,230.2550228432012,0.8228861689567566,-0.08910411596298218,-0.08838296332904448,0.9717386650530135,0.051565516740083694,11.0,0.0,6.0,0.13459999859333038,0.09910000115633011,0.0689999982714653,0.04179999977350235,0.03759999945759773,0.02930000051856041,0.0284000001847744,0.023800000548362732,0.02250000089406967,0.018699999898672104,8.999999845400453E-4,0.012199999764561653,0.009200000204145908
MW_DB1,33.988062,-118.1726,18.2,11.8,54.0,34.76,29.5,7.7,21.8,14.5,22.3,23.0,14.1,363.0,82.0,0.0,98.0,228.0,4.0,11.0,209.0,Southern California/Northern Baja Coast,289.0,7.6,0.2,48.0,21.0,15.0,40.476009368896484,2.108022862765434,214.43492628663205,0.9421019554138184,0.09198947995901108,0.08036438094046222,0.9526531514645964,0.11692585796117783,23.0,60.0,3.0,0.16345000267028809,0.13015000522136688,0.11765000224113464,0.10580000281333923,0.1264999955892563,0.15569999814033508,0.16664999723434448,0.1587499976158142,0.16635000705718994,0.0575999990105629,0.00139999995008111,0.12160000205039978,0.09525000303983688
MW_DB2,33.986879,-118.171764,18.2,11.8,54.0,34.76,29.5,7.7,21.8,14.5,22.3,23.0,14.1,363.0,82.0,0.0,98.0,228.0,4.0,11.0,209.0,Southern California/Northern Baja Coast,289.0,7.6,0.4,43.0,25.0,15.0,39.85015106201172,1.3866452805591123,71.23363819256895,0.9421019554138184,0.10987019538879395,0.05228294752008525,0.9539941579654034,0.15024256706237793,23.0,67.0,3.0,0.1627500057220459,0.13124999403953552,0.11704999953508377,0.11344999819993973,0.12950000166893005,0.16099999845027924,0.1728000044822693,0.1660500019788742,0.17710000276565552,0.05939999967813492,0.00139999995008111,0.15094999969005585,0.12060000002384186
MW_PN1,33.986352,-118.171709,18.2,11.8,54.0,34.76,29.5,7.7,21.8,14.5,22.3,23.0,14.1,363.0,82.0,0.0,98.0,228.0,4.0,11.0,209.0,Southern California/Northern Baja Coast,289.0,7.5,0.2,39.0,29.0,14.7,39.85015106201172,1.3866452805591123,71.23363819256895,0.9421019554138184,0.10987019538879395,0.06717841960543744,0.9539941579654034,0.15024256706237793,23.0,67.0,4.0,0.1627500057220459,0.13124999403953552,0.11704999953508377,0.11344999819993973,0.12950000166893005,0.16504999995231628,0.1728000044822693,0.1660500019788742,0.1772499978542328,0.05939999967813492,0.00139999995008111,0.15094999969005585,0.12060000002384186
MW_PN2,33.987131,-118.171942,18.2,11.8,54.0,34.76,29.5,7.7,21.8,14.5,22.3,23.0,14.1,363.0,82.0,0.0,98.0,228.0,4.0,11.0,209.0,Southern California/Northern Baja Coast,289.0,7.6,0.4,43.0,25.0,15.0,39.85015106201172,1.6255125974180884,214.43492628663205,0.9421019554138184,0.10987019538879395,0.07278664917546344,0.9539941579654034,0.15024256706237793,23.0,60.0,3.0,0.1627500057220459,0.13009999692440033,0.11704999953508377,0.11344999819993973,0.12950000166893005,0.16099999845027924,0.1728000044822693,0.1660500019788742,0.17710000276565552,0.05939999967813492,0.00139999995008111,0.15094999969005585,0.12060000002384186
K0527_B2,33.987797,-118.172455,18.2,11.8,54.0,34.76,29.5,7.7,21.8,14.5,22.3,23.0,14.1,363.0,82.0,0.0,98.0,228.0,4.0,11.0,209.0,Southern California/Northern Baja Coast,289.0,7.6,0.4,43.0,25.0,15.0,40.476009368896484,2.108022862765434,214.43492628663205,0.9421019554138184,0.10987019538879395,0.08036438094046222,0.9539941579654034,0.13524092733860016,23.0,52.0,3.0,0.16577500104904175,0.13015000522136688,0.11765000224113464,0.10580000281333923,0.1264999955892563,0.15569999814033508,0.16664999723434448,0.1587499976158142,0.16635000705718994,0.06509999930858612,0.00139999995008111,0.12160000205039978,0.09525000303983688
K0527_B2_2,33.987797,-118.172455,18.2,11.8,54.0,34.76,29.5,7.7,21.8,14.5,22.3,23.0,14.1,363.0,82.0,0.0,98.0,228.0,4.0,11.0,209.0,Southern California/Northern Baja Coast,289.0,7.6,0.4,43.0,25.0,15.0,40.476009368896484,2.108022862765434,214.43492628663205,0.9421019554138184,0.10987019538879395,0.08036438094046222,0.9539941579654034,0.13524092733860016,23.0,52.0,3.0,0.16577500104904175,0.13015000522136688,0.11765000224113464,0.10580000281333923,0.1264999955892563,0.15569999814033508,0.16664999723434448,0.1587499976158142,0.16635000705718994,0.06509999930858612,0.00139999995008111,0.12160000205039978,0.09525000303983688
K0527_C3,33.988033,-118.172607,18.2,11.8,54.0,34.76,29.5,7.7,21.8,14.5,22.3,23.0,14.1,363.0,82.0,0.0,98.0,228.0,4.0,11.0,209.0,Southern California/Northern Baja Coast,289.0,7.6,0.2,48.0,21.0,15.0,40.476009368896484,2.108022862765434,214.43492628663205,0.9421019554138184,0.09198947995901108,0.08036438094046222,0.9526531514645964,0.11692585796117783,23.0,60.0,3.0,0.16345000267028809,0.13015000522136688,0.11765000224113464,0.10580000281333923,0.1264999955892563,0.15569999814033508,0.16664999723434448,0.1587499976158142,0.16635000705718994,0.0575999990105629,0.00139999995008111,0.12160000205039978,0.09525000303983688
K0527_E4,33.987023,-118.171842,18.2,11.8,54.0,34.76,29.5,7.7,21.8,14.5,22.3,23.0,14.1,363.0,82.0,0.0,98.0,228.0,4.0,11.0,209.0,Southern California/Northern Baja Coast,289.0,7.6,0.4,43.0,25.0,15.0,39.85015106201172,1.3866452805591123,214.43492628663205,0.9421019554138184,0.10987019538879395,0.05228294752008525,0.9539941579654034,0.15024256706237793,23.0,60.0,3.0,0.1627500057220459,0.13009999692440033,0.11704999953508377,0.11344999819993973,0.12950000166893005,0.16099999845027924,0.1728000044822693,0.1660500019788742,0.17710000276565552,0.05939999967813492,0.00139999995008111,0.15094999969005585,0.12060000002384186
K0527_K6,33.986686,-118.171342,18.2,11.8,54.0,34.76,29.5,7.7,21.8,14.5,22.3,23.0,14.1,363.0,82.0,0.0,98.0,228.0,4.0,11.0,209.0,Southern California/Northern Baja Coast,289.0,7.6,0.2,43.0,25.0,14.7,39.85015106201172,1.3866452805591123,227.88887100788932,0.9543160796165466,0.12469947338104248,0.08165487272998613,0.958156980235004,0.15024256706237793,23.0,67.0,3.0,0.1627500057220459,0.13124999403953552,0.11704999953508377,0.11344999819993973,0.12950000166893005,0.16099999845027924,0.1728000044822693,0.1660500019788742,0.17710000276565552,0.05939999967813492,0.0013500000350177288,0.15094999969005585,0.12060000002384186
K0527_L7,33.987668,-118.172288,18.2,11.8,54.0,34.76,29.5,7.7,21.8,14.5,22.3,23.0,14.1,363.0,82.0,0.0,98.0,228.0,4.0,11.0,209.0,Southern California/Northern Baja Coast,289.0,7.6,0.4,43.0,25.0,15.0,39.85015106201172,1.6255125974180884,214.43492628663205,0.9421019554138184,0.10987019538879395,0.08036438094046222,0.9540396208776281,0.13524092733860016,23.0,52.0,3.0,0.1680999994277954,0.13009999692440033,0.11704999953508377,0.10580000281333923,0.1264999955892563,0.15569999814033508,0.16664999723434448,0.1587499976158142,0.16635000705718994,0.06509999930858612,0.00139999995008111,0.12160000205039978,0.09525000303983688
K0527_T9,33.986617,-118.171324,18.2,11.8,54.0,34.76,29.5,7.7,21.8,14.5,22.3,23.0,14.1,363.0,82.0,0.0,98.0,228.0,4.0,11.0,209.0,Southern California/Northern Baja Coast,289.0,7.6,0.2,43.0,25.0,14.7,39.85015106201172,1.3866452805591123,227.88887100788932,0.9543160796165466,0.12469947338104248,0.08165487272998613,0.958156980235004,0.15024256706237793,23.0,67.0,3.0,0.1627500057220459,0.13124999403953552,0.11704999953508377,0.11344999819993973,0.12950000166893005,0.16099999845027924,0.1728000044822693,0.1660500019788742,0.17710000276565552,0.05939999967813492,0.0013500000350177288,0.15094999969005585,0.12060000002384186
K0539_L7,33.986776,-118.17165,18.2,11.8,54.0,34.76,29.5,7.7,21.8,14.5,22.3,23.0,14.1,363.0,82.0,0.0,98.0,228.0,4.0,11.0,209.0,Southern California/Northern Baja Coast,289.0,7.6,0.2,43.0,25.0,15.0,39.85015106201172,1.3866452805591123,71.23363819256895,0.9421019554138184,0.10987019538879395,0.05228294752008525,0.9539941579654034,0.15024256706237793,23.0,67.0,3.0,0.1627500057220459,0.13124999403953552,0.11704999953508377,0.11344999819993973,0.12950000166893005,0.16099999845027924,0.1728000044822693,0.1660500019788742,0.17710000276565552,0.05939999967813492,0.00139999995008111,0.15094999969005585,0.12060000002384186
SD_DB1,34.168766,-118.474734,17.4,12.5,54.0,37.35,29.5,6.5,23.0,13.4,21.9,22.6,13.1,399.0,86.0,0.0,94.0,234.0,5.0,11.0,223.0,Southern California/Northern Baja Coast,289.0,7.5,0.4,38.0,29.0,15.0,207.11614990234375,1.532118829831116,239.74379486621382,0.7938061952590942,0.2308984100818634,0.19062316979484653,0.9443900457325851,0.42144975066185,71.0,1.0,9.0,0.15434999763965607,0.13619999587535858,0.1302500069141388,0.13985000550746918,0.15970000624656677,0.18330000340938568,0.20145000517368317,0.20319999754428864,0.22384999692440033,0.07765000313520432,0.0015999999595806003,0.24214999377727509,0.20100000500679016
SD_DB2,34.168679,-118.474953,17.4,12.5,54.0,37.35,29.5,6.5,23.0,13.4,21.9,22.6,13.1,399.0,86.0,0.0,94.0,234.0,5.0,11.0,223.0,Southern California/Northern Baja Coast,289.0,7.5,0.4,38.0,29.0,15.0,206.27220153808594,1.532118829831116,239.74379486621382,0.7938061952590942,0.2308984100818634,0.19062316979484653,0.9443900457325851,0.42093607783317566,71.0,1.0,7.0,0.15434999763965607,0.13619999587535858,0.1307000070810318,0.1378999948501587,0.15970000624656677,0.18330000340938568,0.20145000517368317,0.20319999754428864,0.22384999692440033,0.07765000313520432,0.001550000044517219,0.21140000224113464,0.16944999992847443
SD_PN1,34.168674,-118.474865,17.4,12.5,54.0,37.35,29.5,6.5,23.0,13.4,21.9,22.6,13.1,399.0,86.0,0.0,94.0,234.0,5.0,11.0,223.0,Southern California/Northern Baja Coast,289.0,7.5,0.4,38.0,29.0,15.0,207.11614990234375,1.532118829831116,239.74379486621382,0.7938061952590942,0.2308984100818634,0.19062316979484653,0.9443900457325851,0.42144975066185,71.0,1.0,9.0,0.15434999763965607,0.13619999587535858,0.1307000070810318,0.1378999948501587,0.15970000624656677,0.18330000340938568,0.20145000517368317,0.20319999754428864,0.22384999692440033,0.07765000313520432,0.001550000044517219,0.21140000224113464,0.16944999992847443
SD_PN2,34.168698,-118.474929,17.4,12.5,54.0,37.35,29.5,6.5,23.0,13.4,21.9,22.6,13.1,399.0,86.0,0.0,94.0,234.0,5.0,11.0,223.0,Southern California/Northern Baja Coast,289.0,7.5,0.4,38.0,29.0,15.0,206.27220153808594,1.532118829831116,239.74379486621382,0.7938061952590942,0.2308984100818634,0.19062316979484653,0.9443900457325851,0.42093607783317566,71.0,1.0,7.0,0.15434999763965607,0.13619999587535858,0.1307000070810318,0.1378999948501587,0.15970000624656677,0.18330000340938568,0.20145000517368317,0.20319999754428864,0.22384999692440033,0.07724999636411667,0.001550000044517219,0.21140000224113464,0.16944999992847443
K0593_G5,34.168961,-118.475292,17.4,12.5,54.0,37.24,29.6,6.5,23.1,13.4,21.9,22.6,13.1,400.0,86.0,0.0,94.0,235.0,5.0,11.0,224.0,Southern California/Northern Baja Coast,289.0,7.7,0.4,38.0,29.0,14.9,206.16383361816406,0.9063780005626515,222.11535759729372,0.7938061952590942,0.2308984100818634,0.19062316979484653,0.9443900457325851,0.42093607783317566,52.0,1.0,7.0,0.1509999930858612,0.13619999587535858,0.1307000070810318,0.1378999948501587,0.15449999272823334,0.17614999413490295,0.1915999948978424,0.1868000030517578,0.1987999975681305,0.07495000213384628,0.001550000044517219,0.21140000224113464,0.16944999992847443
K0594_A1,34.168698,-118.475195,17.4,12.5,54.0,37.35,29.5,6.5,23.0,13.4,21.9,22.6,13.1,399.0,86.0,0.0,94.0,234.0,5.0,11.0,223.0,Southern California/Northern Baja Coast,289.0,7.6,0.4,38.0,29.0,15.0,206.16383361816406,1.532118829831116,222.11535759729372,0.7938061952590942,0.2308984100818634,0.19062316979484653,0.9443900457325851,0.3768438398838043,52.0,1.0,7.0,0.15434999763965607,0.13619999587535858,0.1307000070810318,0.1378999948501587,0.15449999272823334,0.17614999413490295,0.19709999859333038,0.19539999961853027,0.22065000236034393,0.07495000213384628,0.001550000044517219,0.21140000224113464,0.16944999992847443
K0594_T9,34.168961,-118.475292,17.4,12.5,54.0,37.24,29.6,6.5,23.1,13.4,21.9,22.6,13.1,400.0,86.0,0.0,94.0,235.0,5.0,11.0,224.0,Southern California/Northern Baja Coast,289.0,7.7,0.4,38.0,29.0,14.9,206.16383361816406,0.9063780005626515,222.11535759729372,0.7938061952590942,0.2308984100818634,0.19062316979484653,0.9443900457325851,0.42093607783317566,52.0,1.0,7.0,0.1509999930858612,0.13619999587535858,0.1307000070810318,0.1378999948501587,0.15449999272823334,0.17614999413490295,0.1915999948978424,0.1868000030517578,0.1987999975681305,0.07495000213384628,0.001550000044517219,0.21140000224113464,0.16944999992847443
K0595_G5,34.168941,-118.47461,17.4,12.5,54.0,37.35,29.5,6.5,23.0,13.4,21.9,22.6,13.1,399.0,86.0,0.0,94.0,234.0,5.0,11.0,223.0,Southern California/Northern Baja Coast,289.0,7.5,0.4,38.0,29.0,15.0,207.11614990234375,1.3099477690379093,239.74379486621382,0.7938061952590942,0.26458001136779785,0.21573654463427788,0.943279071491208,0.42144975066185,71.0,0.0,9.0,0.15434999763965607,0.1379999965429306,0.1302500069141388,0.13985000550746918,0.15449999272823334,0.17614999413490295,0.1915999948978424,0.1868000030517578,0.1987999975681305,0.07765000313520432,0.0015999999595806003,0.24214999377727509,0.20100000500679016
K0597_T9,34.1688,-118.475049,17.4,12.5,54.0,37.35,29.5,6.5,23.0,13.4,21.9,22.6,13.1,399.0,86.0,0.0,94.0,234.0,5.0,11.0,223.0,Southern California/Northern Baja Coast,289.0,7.5,0.4,38.0,29.0,15.0,206.16383361816406,1.532118829831116,239.74379486621382,0.7938061952590942,0.2308984100818634,0.19062316979484653,0.9443900457325851,0.42093607783317566,71.0,1.0,7.0,0.15434999763965607,0.13619999587535858,0.1307000070810318,0.1378999948501587,0.15449999272823334,0.17614999413490295,0.19709999859333038,0.19539999961853027,0.22065000236034393,0.07495000213384628,0.001550000044517219,0.21140000224113464,0.16944999992847443
K0599_G5,34.16868,-118.474846,17.4,12.5,54.0,37.35,29.5,6.5,23.0,13.4,21.9,22.6,13.1,399.0,86.0,0.0,94.0,234.0,5.0,11.0,223.0,Southern California/Northern Baja Coast,289.0,7.5,0.4,38.0,29.0,15.0,207.11614990234375,1.532118829831116,239.74379486621382,0.7938061952590942,0.2308984100818634,0.19062316979484653,0.9443900457325851,0.42144975066185,71.0,1.0,9.0,0.15434999763965607,0.13619999587535858,0.1302500069141388,0.1378999948501587,0.15970000624656677,0.18330000340938568,0.20145000517368317,0.20319999754428864,0.22384999692440033,0.07765000313520432,0.001550000044517219,0.21140000224113464,0.16944999992847443
K0599_K6,34.168906,-118.475125,17.4,12.5,54.0,37.35,29.5,6.5,23.0,13.4,21.9,22.6,13.1,399.0,86.0,0.0,94.0,234.0,5.0,11.0,223.0,Southern California/Northern Baja Coast,289.0,7.5,0.4,38.0,29.0,15.0,206.16383361816406,0.9063780005626515,222.11535759729372,0.7938061952590942,0.2308984100818634,0.19062316979484653,0.9443900457325851,0.42093607783317566,71.0,1.0,7.0,0.15434999763965607,0.13619999587535858,0.1307000070810318,0.1378999948501587,0.15449999272823334,0.17614999413490295,0.1915999948978424,0.1868000030517578,0.1987999975681305,0.07495000213384628,0.001550000044517219,0.21140000224113464,0.16944999992847443
K0599_T9,34.168758,-118.474733,17.4,12.5,54.0,37.35,29.5,6.5,23.0,13.4,21.9,22.6,13.1,399.0,86.0,0.0,94.0,234.0,5.0,11.0,223.0,Southern California/Northern Baja Coast,289.0,7.5,0.4,38.0,29.0,15.0,207.11614990234375,1.532118829831116,239.74379486621382,0.7938061952590942,0.2308984100818634,0.19062316979484653,0.9443900457325851,0.42144975066185,71.0,1.0,9.0,0.15434999763965607,0.13619999587535858,0.1302500069141388,0.13985000550746918,0.15970000624656677,0.18330000340938568,0.20145000517368317,0.20319999754428864,0.22384999692440033,0.07765000313520432,0.0015999999595806003,0.24214999377727509,0.20100000500679016
TW_DB1,34.258182,-118.386686,17.4,13.8,52.0,43.23,31.3,5.1,26.2,12.6,22.7,23.3,12.2,395.0,86.0,0.0,93.0,227.0,5.0,12.0,217.0,Southern California/Northern Baja Coast,289.0,7.6,0.4,45.0,24.0,15.2,295.6041259765625,1.8931392807311782,220.26334688371597,0.7847769260406494,0.20889446139335632,0.13601411456572784,0.9676468314279691,0.20166191458702087,21.0,15.0,3.0,0.16769999265670776,0.14249999821186066,0.13729999959468842,0.14409999549388885,0.1647000014781952,0.21780000627040863,0.23890000581741333,0.23849999904632568,0.2554999887943268,0.09059999883174896,0.0015999999595806003,0.24300000071525574,0.19599999487400055
TW_DB2,34.257855,-118.386887,17.4,13.8,52.0,43.23,31.3,5.1,26.2,12.6,22.7,23.3,12.2,395.0,86.0,0.0,93.0,227.0,5.0,12.0,217.0,Southern California/Northern Baja Coast,289.0,7.6,0.4,45.0,24.0,15.2,294.8016357421875,1.8931392807311782,220.26334688371597,0.7847769260406494,0.28492575883865356,0.20736828285268624,0.973133168015273,0.33187732100486755,21.0,15.0,4.0,0.15680000185966492,0.13339999318122864,0.1307000070810318,0.14159999787807465,0.1639000028371811,0.227400004863739,0.24199999868869781,0.23849999904632568,0.25679999589920044,0.1014999970793724,0.0015999999595806003,0.24300000071525574,0.17560000717639923
TW_PN1,34.258077,-118.386749,17.4,13.8,52.0,43.23,31.3,5.1,26.2,12.6,22.7,23.3,12.2,395.0,86.0,0.0,93.0,227.0,5.0,12.0,217.0,Southern California/Northern Baja Coast,289.0,7.6,0.4,45.0,24.0,15.2,295.6041259765625,1.8931392807311782,220.26334688371597,0.7847769260406494,0.20889446139335632,0.13601411456572784,0.9676468314279691,0.20166191458702087,21.0,15.0,3.0,0.16769999265670776,0.14249999821186066,0.13729999959468842,0.14159999787807465,0.1639000028371811,0.227400004863739,0.24199999868869781,0.23849999904632568,0.2554999887943268,0.09059999883174896,0.0015999999595806003,0.24300000071525574,0.17560000717639923
TW_PN2,34.257493,-118.38691,17.4,13.8,52.0,43.23,31.3,5.1,26.2,12.6,22.7,23.3,12.2,395.0,86.0,0.0,93.0,227.0,5.0,12.0,217.0,Southern California/Northern Baja Coast,289.0,7.6,0.4,45.0,24.0,15.2,294.8016357421875,1.8931392807311782,220.26334688371597,0.7847769260406494,0.28492575883865356,0.20736828285268624,0.973133168015273,0.33187732100486755,21.0,20.0,5.0,0.15600000321865082,0.12630000710487366,0.12630000710487366,0.11810000240802765,0.15919999778270721,0.23639999330043793,0.2711000144481659,0.27129998803138733,0.29760000109672546,0.1014999970793724,0.0015999999595806003,0.23989999294281006,0.16529999673366547
K0593_A1,34.258032,-118.386781,17.4,13.8,52.0,43.23,31.3,5.1,26.2,12.6,22.7,23.3,12.2,395.0,86.0,0.0,93.0,227.0,5.0,12.0,217.0,Southern California/Northern Baja Coast,289.0,7.6,0.4,45.0,24.0,15.2,295.3614807128906,1.8931392807311782,220.26334688371597,0.7847769260406494,0.22059231996536255,0.17245201863451398,0.9676468314279691,0.27616578340530396,21.0,15.0,3.0,0.1647000014781952,0.14249999821186066,0.13729999959468842,0.14159999787807465,0.1639000028371811,0.227400004863739,0.24199999868869781,0.23849999904632568,0.25679999589920044,0.1014999970793724,0.0015999999595806003,0.24300000071525574,0.17560000717639923
K0593_E4,34.258403,-118.386614,17.4,13.8,52.0,43.23,31.3,5.1,26.2,12.6,22.7,23.3,12.2,395.0,86.0,0.0,93.0,227.0,5.0,12.0,217.0,Southern California/Northern Baja Coast,289.0,7.6,0.4,45.0,24.0,15.2,295.6041259765625,1.8931392807311782,220.26334688371597,0.7847769260406494,0.22059231996536255,0.17245201863451398,0.9676468314279691,0.27616578340530396,21.0,15.0,3.0,0.16769999265670776,0.14480000734329224,0.14309999346733093,0.17030000686645508,0.18780000507831573,0.21780000627040863,0.23890000581741333,0.23849999904632568,0.25679999589920044,0.10480000078678131,0.0015999999595806003,0.2547000050544739,0.20999999344348907
K0595_M8,34.257481,-118.386845,17.4,13.8,52.0,43.23,31.3,5.1,26.2,12.6,22.7,23.3,12.2,395.0,86.0,0.0,93.0,227.0,5.0,12.0,217.0,Southern California/Northern Baja Coast,289.0,7.6,0.4,45.0,24.0,15.2,294.8016357421875,1.8931392807311782,220.26334688371597,0.7847769260406494,0.28492575883865356,0.20736828285268624,0.973133168015273,0.33187732100486755,21.0,20.0,5.0,0.15600000321865082,0.12630000710487366,0.12630000710487366,0.11810000240802765,0.15919999778270721,0.23639999330043793,0.2711000144481659,0.27129998803138733,0.29760000109672546,0.1014999970793724,0.0015999999595806003,0.23989999294281006,0.16529999673366547
K0596_B2,34.258667,-118.386473,17.2,14.0,52.0,44.41,31.5,4.8,26.7,12.5,22.7,23.4,12.0,407.0,88.0,1.0,92.0,233.0,6.0,14.0,222.0,Southern California/Northern Baja Coast,289.0,7.6,0.4,45.0,24.0,15.2,295.6041259765625,1.9646432791191817,226.10314808201377,0.7847769260406494,0.22059231996536255,0.17245201863451398,0.9637473164948364,0.27616578340530396,21.0,28.0,3.0,0.16769999265670776,0.14480000734329224,0.14309999346733093,0.17030000686645508,0.18780000507831573,0.21780000627040863,0.23890000581741333,0.23849999904632568,0.25679999589920044,0.10480000078678131,0.0015999999595806003,0.26330000162124634,0.20999999344348907
K0597_E4,34.258716,-118.386376,17.2,14.0,52.0,44.41,31.5,4.8,26.7,12.5,22.7,23.4,12.0,407.0,88.0,1.0,92.0,233.0,6.0,14.0,222.0,Southern California/Northern Baja Coast,289.0,7.6,0.4,45.0,24.0,15.2,295.6041259765625,1.9646432791191817,226.10314808201377,0.7847769260406494,0.22059231996536255,0.17245201863451398,0.9637473164948364,0.27616578340530396,21.0,28.0,3.0,0.16840000450611115,0.16110000014305115,0.16369999945163727,0.18569999933242798,0.19619999825954437,0.21780000627040863,0.23890000581741333,0.23849999904632568,0.25679999589920044,0.10480000078678131,0.0015999999595806003,0.2547000050544739,0.21819999814033508
K0599_A1,34.258424,-118.386387,17.4,13.8,52.0,43.23,31.3,5.1,26.2,12.6,22.7,23.3,12.2,395.0,86.0,0.0,93.0,227.0,5.0,12.0,217.0,Southern California/Northern Baja Coast,289.0,7.6,0.4,45.0,24.0,15.2,295.6041259765625,1.8931392807311782,226.10314808201377,0.7847769260406494,0.22059231996536255,0.17245201863451398,0.9637473164948364,0.27616578340530396,21.0,28.0,3.0,0.16769999265670776,0.14480000734329224,0.14309999346733093,0.17030000686645508,0.18780000507831573,0.21780000627040863,0.23890000581741333,0.23849999904632568,0.25679999589920044,0.10480000078678131,0.0015999999595806003,0.2547000050544739,0.20999999344348907
K0599_E4,34.258395,-118.386592,17.4,13.8,52.0,43.23,31.3,5.1,26.2,12.6,22.7,23.3,12.2,395.0,86.0,0.0,93.0,227.0,5.0,12.0,217.0,Southern California/Northern Baja Coast,289.0,7.6,0.4,45.0,24.0,15.2,295.6041259765625,1.8931392807311782,220.26334688371597,0.7847769260406494,0.22059231996536255,0.17245201863451398,0.9676468314279691,0.27616578340530396,21.0,15.0,3.0,0.16769999265670776,0.14480000734329224,0.14309999346733093,0.17030000686645508,0.18780000507831573,0.21780000627040863,0.23890000581741333,0.23849999904632568,0.25679999589920044,0.10480000078678131,0.0015999999595806003,0.2547000050544739,0.20999999344348907
K0599_M8,34.258016,-118.386744,17.4,13.8,52.0,43.23,31.3,5.1,26.2,12.6,22.7,23.3,12.2,395.0,86.0,0.0,93.0,227.0,5.0,12.0,217.0,Southern California/Northern Baja Coast,289.0,7.6,0.4,45.0,24.0,15.2,295.3614807128906,1.8931392807311782,220.26334688371597,0.7847769260406494,0.22059231996536255,0.17245201863451398,0.9676468314279691,0.27616578340530396,21.0,15.0,3.0,0.1647000014781952,0.14249999821186066,0.13729999959468842,0.14159999787807465,0.1639000028371811,0.227400004863739,0.24199999868869781,0.23849999904632568,0.25679999589920044,0.1014999970793724,0.0015999999595806003,0.24300000071525574,0.17560000717639923
VW_DB1,34.203225,-118.237888,17.3,14.1,52.0,45.19,31.9,4.9,27.0,12.5,22.9,23.6,12.0,495.0,104.0,1.0,92.0,290.0,7.0,16.0,270.0,Southern California/Northern Baja Coast,149.0,7.1,0.8,46.0,20.0,13.7,345.096435546875,12.304892933742053,75.94191870024375,0.7871100902557373,0.26076388359069824,0.2423215166781981,0.9625839470684953,0.2946353852748871,22.0,17.0,8.0,0.1554500013589859,0.1400499939918518,0.1270499974489212,0.12849999964237213,0.1436000019311905,0.17919999361038208,0.19584999978542328,0.1873999983072281,0.20679999887943268,0.07859999686479568,0.001449999981559813,0.21154999732971191,0.16345000267028809
VW_PN1,34.2026,-118.237601,17.3,14.1,52.0,45.19,31.9,4.9,27.0,12.5,22.9,23.6,12.0,495.0,104.0,1.0,92.0,290.0,7.0,16.0,270.0,Southern California/Northern Baja Coast,17.0,6.9,0.4,55.0,16.0,14.7,345.096435546875,12.304892933742053,75.94191870024375,0.7871100902557373,0.3926717936992645,0.37486710946949836,0.9692747795810024,0.4991285800933838,21.0,9.0,8.0,0.14869999885559082,0.12285000085830688,0.11415000259876251,0.12849999964237213,0.1436000019311905,0.17919999361038208,0.19584999978542328,0.1873999983072281,0.20679999887943268,0.07859999686479568,0.001500000013038516,0.21154999732971191,0.16345000267028809
VW_PN2,34.203045,-118.237733,17.3,14.1,52.0,45.19,31.9,4.9,27.0,12.5,22.9,23.6,12.0,495.0,104.0,1.0,92.0,290.0,7.0,16.0,270.0,Southern California/Northern Baja Coast,149.0,7.0,0.8,47.0,20.0,13.9,345.096435546875,12.304892933742053,75.94191870024375,0.7871100902557373,0.26076388359069824,0.2423215166781981,0.9625839470684953,0.2946353852748871,22.0,17.0,8.0,0.1554500013589859,0.1400499939918518,0.1270499974489212,0.12849999964237213,0.1436000019311905,0.17919999361038208,0.19584999978542328,0.1873999983072281,0.20679999887943268,0.07900000363588333,0.001449999981559813,0.21154999732971191,0.16345000267028809
K0593_K6,34.202727,-118.237697,17.3,14.1,52.0,45.19,31.9,4.9,27.0,12.5,22.9,23.6,12.0,495.0,104.0,1.0,92.0,290.0,7.0,16.0,270.0,Southern California/Northern Baja Coast,17.0,6.9,0.4,55.0,16.0,14.7,345.096435546875,12.304892933742053,75.94191870024375,0.7871100902557373,0.3317459523677826,0.32256846053032173,0.96417094376851,0.4298759400844574,21.0,9.0,8.0,0.15334999561309814,0.12285000085830688,0.11415000259876251,0.12849999964237213,0.1436000019311905,0.17919999361038208,0.19584999978542328,0.1873999983072281,0.20679999887943268,0.07859999686479568,0.001449999981559813,0.21154999732971191,0.16345000267028809
K0593_L7,34.203216,-118.237654,17.3,14.1,52.0,45.19,31.9,4.9,27.0,12.5,22.9,23.6,12.0,495.0,104.0,1.0,92.0,290.0,7.0,16.0,270.0,Southern California/Northern Baja Coast,149.0,7.1,0.8,46.0,20.0,13.7,345.096435546875,12.304892933742053,75.94191870024375,0.7871100902557373,0.26076388359069824,0.2423215166781981,0.9625839470684953,0.2946353852748871,22.0,17.0,8.0,0.1554500013589859,0.1400499939918518,0.1270499974489212,0.12849999964237213,0.1436000019311905,0.17919999361038208,0.19584999978542328,0.1873999983072281,0.20679999887943268,0.07900000363588333,0.001500000013038516,0.21154999732971191,0.16345000267028809
K0593_M8,34.202477,-118.237538,17.3,14.1,52.0,45.19,31.9,4.9,27.0,12.5,22.9,23.6,12.0,495.0,104.0,1.0,92.0,290.0,7.0,16.0,270.0,Southern California/Northern Baja Coast,17.0,6.9,0.4,55.0,16.0,14.7,345.096435546875,12.304892933742053,73.26962880991834,0.7871100902557373,0.3926717936992645,0.37486710946949836,0.9708560006658784,0.4991285800933838,21.0,9.0,8.0,0.1460999995470047,0.12205000221729279,0.10885000228881836,0.11434999853372574,0.12970000505447388,0.1619500070810318,0.18870000541210175,0.1854500025510788,0.21025000512599945,0.07925000041723251,0.001500000013038516,0.21154999732971191,0.16345000267028809
K0595_A1,34.202985,-118.237755,17.3,14.1,52.0,45.19,31.9,4.9,27.0,12.5,22.9,23.6,12.0,495.0,104.0,1.0,92.0,290.0,7.0,16.0,270.0,Southern California/Northern Baja Coast,17.0,6.9,0.4,55.0,16.0,14.7,345.096435546875,12.304892933742053,75.94191870024375,0.7871100902557373,0.26076388359069824,0.2423215166781981,0.9625839470684953,0.2946353852748871,22.0,17.0,8.0,0.1554500013589859,0.1400499939918518,0.1270499974489212,0.12849999964237213,0.1436000019311905,0.17919999361038208,0.19584999978542328,0.1873999983072281,0.20679999887943268,0.07859999686479568,0.001449999981559813,0.21154999732971191,0.16345000267028809
K0595_K6,34.203021,-118.237799,17.3,14.1,52.0,45.19,31.9,4.9,27.0,12.5,22.9,23.6,12.0,495.0,104.0,1.0,92.0,290.0,7.0,16.0,270.0,Southern California/Northern Baja Coast,17.0,6.9,0.4,55.0,16.0,14.7,345.096435546875,12.304892933742053,75.94191870024375,0.7871100902557373,0.26076388359069824,0.2423215166781981,0.9625839470684953,0.2946353852748871,22.0,17.0,8.0,0.1554500013589859,0.1400499939918518,0.1270499974489212,0.12849999964237213,0.1436000019311905,0.17919999361038208,0.19584999978542328,0.1873999983072281,0.20679999887943268,0.07859999686479568,0.001449999981559813,0.21154999732971191,0.16345000267028809
K0596_G5,34.202611,-118.237615,17.3,14.1,52.0,45.19,31.9,4.9,27.0,12.5,22.9,23.6,12.0,495.0,104.0,1.0,92.0,290.0,7.0,16.0,270.0,Southern California/Northern Baja Coast,17.0,6.9,0.4,55.0,16.0,14.7,345.096435546875,12.304892933742053,75.94191870024375,0.7871100902557373,0.3926717936992645,0.37486710946949836,0.9692747795810024,0.4991285800933838,21.0,9.0,8.0,0.14869999885559082,0.12285000085830688,0.11415000259876251,0.12849999964237213,0.1436000019311905,0.17919999361038208,0.19584999978542328,0.1873999983072281,0.20679999887943268,0.07859999686479568,0.001500000013038516,0.21154999732971191,0.16345000267028809
K0596_K6,34.203855,-118.237912,17.3,14.1,52.0,45.19,31.9,4.9,27.0,12.5,22.9,23.6,12.0,495.0,104.0,1.0,92.0,290.0,7.0,16.0,270.0,Southern California/Northern Baja Coast,149.0,7.1,0.8,44.0,20.0,13.6,345.096435546875,12.304892933742053,75.94191870024375,0.7871100902557373,0.23902201652526855,0.23438553248414398,0.9627725228238281,0.25300902128219604,22.0,29.0,6.0,0.1554500013589859,0.1400499939918518,0.1270499974489212,0.12849999964237213,0.1436000019311905,0.17919999361038208,0.19584999978542328,0.1873999983072281,0.20679999887943268,0.08065000176429749,0.001449999981559813,0.18424999713897705,0.14959999918937683
K0597_C3,34.203221,-118.237863,17.3,14.1,52.0,45.19,31.9,4.9,27.0,12.5,22.9,23.6,12.0,495.0,104.0,1.0,92.0,290.0,7.0,16.0,270.0,Southern California/Northern Baja Coast,149.0,7.1,0.8,46.0,20.0,13.7,345.096435546875,12.304892933742053,75.94191870024375,0.7871100902557373,0.26076388359069824,0.2423215166781981,0.9625839470684953,0.2946353852748871,22.0,17.0,8.0,0.1554500013589859,0.1400499939918518,0.1270499974489212,0.12849999964237213,0.1436000019311905,0.17919999361038208,0.19584999978542328,0.1873999983072281,0.20679999887943268,0.07900000363588333,0.001449999981559813,0.21154999732971191,0.16345000267028809
